P_Strategy,P_Index,P_StartTime,P_EndTime,P_OrderSide,P_SL,P_IntraSL,P_OM,Date,day,dte,EntryTime,Future,CE.Strike,CE.Price,PE.Strike,PE.Price,SL,IntraSL,0.SL.Flag,0.SL.Time,0.INTRA_SL.Flag,0.INTRA_SL.Time,0.PNL,1.Decay.Flag,1.Decay.Time,1.SL.Flag,1.SL.Time,1.INTRA_SL.Flag,1.INTRA_SL.Time,1.PNL,2.Decay.Flag,2.Decay.Time,2.SL.Flag,2.SL.Time,2.INTRA_SL.Flag,2.INTRA_SL.Time,2.PNL,3.Decay.Flag,3.Decay.Time,3.SL.Flag,3.SL.Time,3.INTRA_SL.Flag,3.INTRA_SL.Time,3.PNL,4.Decay.Flag,4.Decay.Time,4.SL.Flag,4.SL.Time,4.INTRA_SL.Flag,4.INTRA_SL.Time,4.PNL,5.Decay.Flag,5.Decay.Time,5.SL.Flag,5.SL.Time,5.INTRA_SL.Flag,5.INTRA_SL.Time,5.PNL,6.Decay.Flag,6.Decay.Time,6.SL.Flag,6.SL.Time,6.INTRA_SL.Flag,6.INTRA_SL.Time,6.PNL,7.Decay.Flag,7.Decay.Time,7.SL.Flag,7.SL.Time,7.INTRA_SL.Flag,7.INTRA_SL.Time,7.PNL,8.Decay.Flag,8.Decay.Time,8.SL.Flag,8.SL.Time,8.INTRA_SL.Flag,8.INTRA_SL.Time,8.PNL,9.Decay.Flag,9.Decay.Time,9.SL.Flag,9.SL.Time,9.INTRA_SL.Flag,9.INTRA_SL.Time,9.PNL,10.Decay.Flag,10.Decay.Time,10.SL.Flag,10.SL.Time,10.INTRA_SL.Flag,10.INTRA_SL.Time,10.PNL
SRE,sensex,09:16:00,15:25:00,BUY,0,50,0.6,2024-01-01,Monday,5,09:16:00,72087.38,72300CE,451.05,72200PE,454.35,905.4000000000001,452.70000000000005,False,,False,,-123.21750000000009,False,,False,,False,,0,False,,False,,False,,0,False,,False,,False,,0,False,,False,,False,,0,False,,False,,False,,0,False,,False,,False,,0,False,,False,,False,,0,False,,False,,False,,0,False,,False,,False,,0,False,,False,,False,,0
SRE,sensex,09:16:00,15:25:00,BUY,0,50,0.6,2024-01-02,Tuesday,4,09:16:00,72183.06,72200CE,438.1,72400PE,450.0,888.1,444.05,False,,False,,9.498749999999909,False,,False,,False,,0,False,,False,,False,,0,False,,False,,False,,0,False,,False,,False,,0,False,,False,,False,,0,False,,False,,False,,0,False,,False,,False,,0,False,,False,,False,,0,False,,False,,False,,0,False,,False,,False,,0
SRE,sensex,09:16:00,15:25:00,BUY,0,50,0.6,2024-01-03,Wednesday,3,09:16:00,71694.79,71500CE,467.1,71900PE,455.4,922.5,461.25,False,,False,,-98.28125,False,,False,,False,,0,False,,False,,False,,0,False,,False,,False,,0,False,,False,,False,,0,False,,False,,False,,0,False,,False,,False,,0,False,,False,,False,,0,False,,False,,False,,0,False,,False,,False,,0,False,,False,,False,,0
SRE,sensex,09:16:00,15:25:00,BUY,0,50,0.6,2024-01-04,Thursday,2,09:16:00,71624.82,71300CE,440.0,72000PE,462.0,902.0,451.0,False,,False,,-63.174999999999976,False,,False,,False,,0,False,,False,,False,,0,False,,False,,False,,0,False,,False,,False,,0,False,,False,,False,,0,False,,False,,False,,0,False,,False,,False,,0,False,,False,,False,,0,False,,False,,False,,0,False,,False,,False,,0
SRE,sensex,09:16:00,15:25:00,BUY,0,50,0.6,2024-01-05,Friday,1,09:16:00,72136.72,71600CE,496.6,72600PE,511.85,1008.45,504.225,False,,False,,-19.605625000000003,False,,False,,False,,0,False,,False,,False,,0,False,,False,,False,,0,False,,False,,False,,0,False,,False,,False,,0,False,,False,,False,,0,False,,False,,False,,0,False,,False,,False,,0,False,,False,,False,,0,False,,False,,False,,0
SRE,sensex,09:16:00,15:25:00,BUY,0,50,0.6,2024-01-08,Monday,5,09:16:00,72100.65,72100CE,445.25,72200PE,427.0,872.25,436.125,False,,False,,202.44687499999992,False,,False,,False,,0,False,,False,,False,,0,False,,False,,False,,0,False,,False,,False,,0,False,,False,,False,,0,False,,False,,False,,0,False,,False,,False,,0,False,,False,,False,,0,False,,False,,False,,0,False,,False,,False,,0
SRE,sensex,09:16:00,15:25:00,BUY,0,50,0.6,2024-01-09,Tuesday,4,09:16:00,71825.86,71600CE,470.9,72100PE,448.0,918.9,459.45,False,,False,,127.96374999999993,False,,False,,False,,0,False,,False,,False,,0,False,,False,,False,,0,False,,False,,False,,0,False,,False,,False,,0,False,,False,,False,,0,False,,False,,False,,0,False,,False,,False,,0,False,,False,,False,,0,False,,False,,False,,0
SRE,sensex,09:16:00,15:25:00,BUY,0,50,0.6,2024-01-10,Wednesday,3,09:16:00,71401.26,71200CE,464.65,71600PE,447.15,911.8,455.9,False,,False,,-60.59749999999993,False,,False,,False,,0,False,,False,,False,,0,False,,False,,False,,0,False,,False,,False,,0,False,,False,,False,,0,False,,False,,False,,0,False,,False,,False,,0,False,,False,,False,,0,False,,False,,False,,0,False,,False,,False,,0
SRE,sensex,09:16:00,15:25:00,BUY,0,50,0.6,2024-01-11,Thursday,2,09:16:00,71912.94,71600CE,458.45,72300PE,461.45,919.9,459.95,False,,False,,-76.79874999999996,False,,False,,False,,0,False,,False,,False,,0,False,,False,,False,,0,False,,False,,False,,0,False,,False,,False,,0,False,,False,,False,,0,False,,False,,False,,0,False,,False,,False,,0,False,,False,,False,,0,False,,False,,False,,0
SRE,sensex,09:16:00,15:25:00,BUY,0,50,0.6,2024-01-12,Friday,1,09:16:00,72062.79,71600CE,445.6,72500PE,488.0,933.6,466.8,False,,False,,20.429999999999907,False,,False,,False,,0,False,,False,,False,,0,False,,False,,False,,0,False,,False,,False,,0,False,,False,,False,,0,False,,False,,False,,0,False,,False,,False,,0,False,,False,,False,,0,False,,False,,False,,0,False,,False,,False,,0
SRE,sensex,09:16:00,15:25:00,BUY,0,50,0.6,2024-01-15,Monday,5,09:16:00,73064.23,73200CE,437.7,73000PE,450.25,887.95,443.975,False,,False,,-36.14937500000007,False,,False,,False,,0,False,,False,,False,,0,False,,False,,False,,0,False,,False,,False,,0,False,,False,,False,,0,False,,False,,False,,0,False,,False,,False,,0,False,,False,,False,,0,False,,False,,False,,0,False,,False,,False,,0
SRE,sensex,09:16:00,15:25:00,BUY,0,50,0.6,2024-01-16,Tuesday,4,09:16:00,73202.83,73100CE,471.3,73200PE,448.25,919.55,459.775,False,,False,,-102.64437499999998,False,,False,,False,,0,False,,False,,False,,0,False,,False,,False,,0,False,,False,,False,,0,False,,False,,False,,0,False,,False,,False,,0,False,,False,,False,,0,False,,False,,False,,0,False,,False,,False,,0,False,,False,,False,,0
SRE,sensex,09:16:00,15:25:00,BUY,0,50,0.6,2024-01-17,Wednesday,3,09:16:00,72391.89,72500CE,457.2,72600PE,438.1,895.3,447.65,False,,False,,382.5587500000002,False,,False,,False,,0,False,,False,,False,,0,False,,False,,False,,0,False,,False,,False,,0,False,,False,,False,,0,False,,False,,False,,0,False,,False,,False,,0,False,,False,,False,,0,False,,False,,False,,0,False,,False,,False,,0
SRE,sensex,09:16:00,15:25:00,BUY,0,50,0.6,2024-01-18,Thursday,2,09:16:00,70955.07,70900CE,435.45,71000PE,421.4,856.8499999999999,428.42499999999995,False,,False,,-200.46062499999988,False,,False,,False,,0,False,,False,,False,,0,False,,False,,False,,0,False,,False,,False,,0,False,,False,,False,,0,False,,False,,False,,0,False,,False,,False,,0,False,,False,,False,,0,False,,False,,False,,0,False,,False,,False,,0
SRE,sensex,09:16:00,15:25:00,BUY,0,50,0.6,2024-01-19,Friday,1,09:16:00,71782.95,71400CE,498.45,72300PE,477.3,975.75,487.875,False,,False,,-87.99687499999996,False,,False,,False,,0,False,,False,,False,,0,False,,False,,False,,0,False,,False,,False,,0,False,,False,,False,,0,False,,False,,False,,0,False,,False,,False,,0,False,,False,,False,,0,False,,False,,False,,0,False,,False,,False,,0
SRE,sensex,09:16:00,15:25:00,BUY,0,50,0.6,2024-01-20,Saturday,6,09:16:00,71978.56,72100CE,482.2,72000PE,467.6,949.8,474.9,False,,False,,-29.222500000000025,False,,False,,False,,0,False,,False,,False,,0,False,,False,,False,,0,False,,False,,False,,0,False,,False,,False,,0,False,,False,,False,,0,False,,False,,False,,0,False,,False,,False,,0,False,,False,,False,,0,False,,False,,False,,0
SRE,sensex,09:16:00,15:25:00,BUY,0,50,0.6,2024-01-23,Tuesday,3,09:16:00,71991.32,71800CE,463.9,72200PE,470.75,934.65,467.325,False,,False,,1000.0668750000001,False,,False,,False,,0,False,,False,,False,,0,False,,False,,False,,0,False,,False,,False,,0,False,,False,,False,,0,False,,False,,False,,0,False,,False,,False,,0,False,,False,,False,,0,False,,False,,False,,0,False,,False,,False,,0
SRE,sensex,09:16:00,15:25:00,BUY,0,50,0.6,2024-01-24,Wednesday,2,09:16:00,70198.91,70000CE,453.25,70400PE,455.55,908.8,454.4,False,,False,,388.4900000000001,False,,False,,False,,0,False,,False,,False,,0,False,,False,,False,,0,False,,False,,False,,0,False,,False,,False,,0,False,,False,,False,,0,False,,False,,False,,0,False,,False,,False,,0,False,,False,,False,,0,False,,False,,False,,0
SRE,sensex,09:16:00,15:25:00,BUY,0,50,0.6,2024-01-25,Thursday,1,09:16:00,70891.42,70700CE,404.0,71300PE,438.6,842.6,421.3,False,,False,,-213.68249999999998,False,,False,,False,,0,False,,False,,False,,0,False,,False,,False,,0,False,,False,,False,,0,False,,False,,False,,0,False,,False,,False,,0,False,,False,,False,,0,False,,False,,False,,0,False,,False,,False,,0,False,,False,,False,,0
SRE,sensex,09:16:00,15:25:00,BUY,0,50,0.6,2024-01-29,Monday,5,09:16:00,71113.96,71700CE,459.65,70800PE,446.0,905.65,452.825,False,,False,,244.07937499999997,False,,False,,False,,0,False,,False,,False,,0,False,,False,,False,,0,False,,False,,False,,0,False,,False,,False,,0,False,,False,,False,,0,False,,False,,False,,0,False,,False,,False,,0,False,,False,,False,,0,False,,False,,False,,0
SRE,sensex,09:16:00,15:25:00,BUY,0,50,0.6,2024-01-30,Tuesday,4,09:16:00,72094.62,72900CE,441.7,71600PE,442.95,884.65,442.325,False,,False,,6.091874999999977,False,,False,,False,,0,False,,False,,False,,0,False,,False,,False,,0,False,,False,,False,,0,False,,False,,False,,0,False,,False,,False,,0,False,,False,,False,,0,False,,False,,False,,0,False,,False,,False,,0,False,,False,,False,,0
SRE,sensex,09:16:00,15:25:00,BUY,0,50,0.6,2024-01-31,Wednesday,3,09:16:00,70963.85,71500CE,445.15,70600PE,440.1,885.25,442.625,False,,False,,77.88437499999993,False,,False,,False,,0,False,,False,,False,,0,False,,False,,False,,0,False,,False,,False,,0,False,,False,,False,,0,False,,False,,False,,0,False,,False,,False,,0,False,,False,,False,,0,False,,False,,False,,0,False,,False,,False,,0
SRE,sensex,09:16:00,15:25:00,BUY,0,50,0.6,2024-02-01,Thursday,2,09:16:00,71809.6,72100CE,433.5,71600PE,441.85,875.35,437.675,False,,False,,-567.2418749999999,False,,False,,False,,0,False,,False,,False,,0,False,,False,,False,,0,False,,False,,False,,0,False,,False,,False,,0,False,,False,,False,,0,False,,False,,False,,0,False,,False,,False,,0,False,,False,,False,,0,False,,False,,False,,0
SRE,sensex,09:16:00,15:25:00,BUY,0,50,0.6,2024-02-02,Friday,1,09:16:00,72202.08,71800CE,493.0,72700PE,511.4,1004.4,502.2,False,,False,,-116.805,False,,False,,False,,0,False,,False,,False,,0,False,,False,,False,,0,False,,False,,False,,0,False,,False,,False,,0,False,,False,,False,,0,False,,False,,False,,0,False,,False,,False,,0,False,,False,,False,,0,False,,False,,False,,0
SRE,sensex,09:16:00,15:25:00,BUY,0,50,0.6,2024-02-05,Monday,5,09:16:00,72032.39,72600CE,417.45,71500PE,426.05,843.5,421.75,False,,False,,-97.69374999999998,False,,False,,False,,0,False,,False,,False,,0,False,,False,,False,,0,False,,False,,False,,0,False,,False,,False,,0,False,,False,,False,,0,False,,False,,False,,0,False,,False,,False,,0,False,,False,,False,,0,False,,False,,False,,0
SRE,sensex,09:16:00,15:25:00,BUY,0,50,0.6,2024-02-06,Tuesday,4,09:16:00,71782.06,72200CE,424.05,71400PE,440.0,864.05,432.025,False,,False,,-64.85062499999995,False,,False,,False,,0,False,,False,,False,,0,False,,False,,False,,0,False,,False,,False,,0,False,,False,,False,,0,False,,False,,False,,0,False,,False,,False,,0,False,,False,,False,,0,False,,False,,False,,0,False,,False,,False,,0
SRE,sensex,09:16:00,15:25:00,BUY,0,50,0.6,2024-02-07,Wednesday,3,09:16:00,72535.77,72600CE,464.35,72500PE,454.45,918.8,459.4,False,,False,,-105.98499999999989,False,,False,,False,,0,False,,False,,False,,0,False,,False,,False,,0,False,,False,,False,,0,False,,False,,False,,0,False,,False,,False,,0,False,,False,,False,,0,False,,False,,False,,0,False,,False,,False,,0,False,,False,,False,,0
SRE,sensex,09:16:00,15:25:00,BUY,0,50,0.6,2024-02-08,Thursday,2,09:16:00,72353.76,72300CE,458.6,72500PE,436.35,894.95,447.475,False,,False,,163.71312499999988,False,,False,,False,,0,False,,False,,False,,0,False,,False,,False,,0,False,,False,,False,,0,False,,False,,False,,0,False,,False,,False,,0,False,,False,,False,,0,False,,False,,False,,0,False,,False,,False,,0,False,,False,,False,,0
SRE,sensex,09:16:00,15:25:00,BUY,0,50,0.6,2024-02-09,Friday,1,09:16:00,71316.33,71000CE,426.0,71600PE,437.95,863.95,431.975,False,,False,,-273.64937500000013,False,,False,,False,,0,False,,False,,False,,0,False,,False,,False,,0,False,,False,,False,,0,False,,False,,False,,0,False,,False,,False,,0,False,,False,,False,,0,False,,False,,False,,0,False,,False,,False,,0,False,,False,,False,,0
SRE,sensex,09:16:00,15:25:00,BUY,0,50,0.6,2024-02-12,Monday,5,09:16:00,71570.51,72100CE,444.65,71200PE,444.95,889.5999999999999,444.79999999999995,False,,False,,-119.26999999999987,False,,False,,False,,0,False,,False,,False,,0,False,,False,,False,,0,False,,False,,False,,0,False,,False,,False,,0,False,,False,,False,,0,False,,False,,False,,0,False,,False,,False,,0,False,,False,,False,,0,False,,False,,False,,0
SRE,sensex,09:16:00,15:25:00,BUY,0,50,0.6,2024-02-13,Tuesday,4,09:16:00,71301.93,71600CE,443.0,71100PE,451.4,894.4,447.2,False,,False,,-136.6799999999999,False,,False,,False,,0,False,,False,,False,,0,False,,False,,False,,0,False,,False,,False,,0,False,,False,,False,,0,False,,False,,False,,0,False,,False,,False,,0,False,,False,,False,,0,False,,False,,False,,0,False,,False,,False,,0
SRE,sensex,09:16:00,15:25:00,BUY,0,50,0.6,2024-02-14,Wednesday,3,09:16:00,70949.03,71100CE,440.45,70900PE,420.8,861.25,430.625,False,,False,,180.43437500000005,False,,False,,False,,0,False,,False,,False,,0,False,,False,,False,,0,False,,False,,False,,0,False,,False,,False,,0,False,,False,,False,,0,False,,False,,False,,0,False,,False,,False,,0,False,,False,,False,,0,False,,False,,False,,0
SRE,sensex,09:16:00,15:25:00,BUY,0,50,0.6,2024-02-15,Thursday,2,09:16:00,72056.94,72000CE,417.75,72200PE,439.95,857.7,428.85,False,,False,,-213.92125000000004,False,,False,,False,,0,False,,False,,False,,0,False,,False,,False,,0,False,,False,,False,,0,False,,False,,False,,0,False,,False,,False,,0,False,,False,,False,,0,False,,False,,False,,0,False,,False,,False,,0,False,,False,,False,,0
SRE,sensex,09:16:00,15:25:00,BUY,0,50,0.6,2024-02-16,Friday,1,09:16:00,72356.49,72000CE,443.6,72700PE,465.65,909.25,454.625,False,,False,,-220.865625,False,,False,,False,,0,False,,False,,False,,0,False,,False,,False,,0,False,,False,,False,,0,False,,False,,False,,0,False,,False,,False,,0,False,,False,,False,,0,False,,False,,False,,0,False,,False,,False,,0,False,,False,,False,,0
SRE,sensex,09:16:00,15:25:00,BUY,0,50,0.6,2024-02-19,Monday,5,09:16:00,72528.34,72900CE,422.15,72200PE,430.0,852.15,426.075,False,,False,,-90.10187499999994,False,,False,,False,,0,False,,False,,False,,0,False,,False,,False,,0,False,,False,,False,,0,False,,False,,False,,0,False,,False,,False,,0,False,,False,,False,,0,False,,False,,False,,0,False,,False,,False,,0,False,,False,,False,,0
SRE,sensex,09:16:00,15:25:00,BUY,0,50,0.6,2024-02-20,Tuesday,4,09:16:00,72587.23,72700CE,473.3,72400PE,452.45,925.75,462.875,False,,False,,-15.821875,False,,False,,False,,0,False,,False,,False,,0,False,,False,,False,,0,False,,False,,False,,0,False,,False,,False,,0,False,,False,,False,,0,False,,False,,False,,0,False,,False,,False,,0,False,,False,,False,,0,False,,False,,False,,0
SRE,sensex,09:16:00,15:25:00,BUY,0,50,0.6,2024-02-21,Wednesday,3,09:16:00,73082.31,73100CE,432.15,73000PE,442.45,874.5999999999999,437.29999999999995,False,,False,,-37.132499999999816,False,,False,,False,,0,False,,False,,False,,0,False,,False,,False,,0,False,,False,,False,,0,False,,False,,False,,0,False,,False,,False,,0,False,,False,,False,,0,False,,False,,False,,0,False,,False,,False,,0,False,,False,,False,,0
SRE,sensex,09:16:00,15:25:00,BUY,0,50,0.6,2024-02-22,Thursday,2,09:16:00,72641.36,72500CE,434.45,72800PE,458.65,893.0999999999999,446.54999999999995,False,,False,,-9.363749999999932,False,,False,,False,,0,False,,False,,False,,0,False,,False,,False,,0,False,,False,,False,,0,False,,False,,False,,0,False,,False,,False,,0,False,,False,,False,,0,False,,False,,False,,0,False,,False,,False,,0,False,,False,,False,,0
SRE,sensex,09:16:00,15:25:00,BUY,0,50,0.6,2024-02-23,Friday,1,09:16:00,73255.53,72900CE,483.75,73700PE,478.55,962.3,481.15,False,,False,,-173.8787499999999,False,,False,,False,,0,False,,False,,False,,0,False,,False,,False,,0,False,,False,,False,,0,False,,False,,False,,0,False,,False,,False,,0,False,,False,,False,,0,False,,False,,False,,0,False,,False,,False,,0,False,,False,,False,,0
SRE,sensex,09:16:00,15:25:00,BUY,0,50,0.6,2024-02-26,Monday,5,09:16:00,72960.29,73400CE,449.65,72700PE,464.95,914.5999999999999,457.29999999999995,False,,False,,-118.23249999999996,False,,False,,False,,0,False,,False,,False,,0,False,,False,,False,,0,False,,False,,False,,0,False,,False,,False,,0,False,,False,,False,,0,False,,False,,False,,0,False,,False,,False,,0,False,,False,,False,,0,False,,False,,False,,0
SRE,sensex,09:16:00,15:25:00,BUY,0,50,0.6,2024-02-27,Tuesday,4,09:16:00,72740.68,73100CE,437.0,72600PE,442.6,879.6,439.8,False,,False,,-107.995,False,,False,,False,,0,False,,False,,False,,0,False,,False,,False,,0,False,,False,,False,,0,False,,False,,False,,0,False,,False,,False,,0,False,,False,,False,,0,False,,False,,False,,0,False,,False,,False,,0,False,,False,,False,,0
SRE,sensex,09:16:00,15:25:00,BUY,0,50,0.6,2024-02-28,Wednesday,3,09:16:00,73135.22,73200CE,440.75,73100PE,447.1,887.85,443.925,False,,False,,184.55187499999997,False,,False,,False,,0,False,,False,,False,,0,False,,False,,False,,0,False,,False,,False,,0,False,,False,,False,,0,False,,False,,False,,0,False,,False,,False,,0,False,,False,,False,,0,False,,False,,False,,0,False,,False,,False,,0
SRE,sensex,09:16:00,15:25:00,BUY,0,50,0.6,2024-02-29,Thursday,2,09:16:00,72334.51,72300CE,440.75,72400PE,437.45,878.2,439.1,False,,False,,-219.82750000000001,False,,False,,False,,0,False,,False,,False,,0,False,,False,,False,,0,False,,False,,False,,0,False,,False,,False,,0,False,,False,,False,,0,False,,False,,False,,0,False,,False,,False,,0,False,,False,,False,,0,False,,False,,False,,0
SRE,sensex,09:16:00,15:25:00,BUY,0,50,0.6,2024-03-01,Friday,1,09:16:00,72881.16,72500CE,454.45,73200PE,451.2,905.65,452.825,False,,False,,332.72937499999983,False,,False,,False,,0,False,,False,,False,,0,False,,False,,False,,0,False,,False,,False,,0,False,,False,,False,,0,False,,False,,False,,0,False,,False,,False,,0,False,,False,,False,,0,False,,False,,False,,0,False,,False,,False,,0
SRE,sensex,09:16:00,15:25:00,BUY,0,50,0.6,2024-03-04,Monday,4,09:16:00,73934.52,74100CE,451.85,73800PE,452.65,904.5,452.25,False,,False,,-201.70624999999998,False,,False,,False,,0,False,,False,,False,,0,False,,False,,False,,0,False,,False,,False,,0,False,,False,,False,,0,False,,False,,False,,0,False,,False,,False,,0,False,,False,,False,,0,False,,False,,False,,0,False,,False,,False,,0
SRE,sensex,09:16:00,15:25:00,BUY,0,50,0.6,2024-03-05,Tuesday,3,09:16:00,73621.04,73600CE,469.15,73800PE,459.55,928.7,464.35,False,,False,,-180.95875,False,,False,,False,,0,False,,False,,False,,0,False,,False,,False,,0,False,,False,,False,,0,False,,False,,False,,0,False,,False,,False,,0,False,,False,,False,,0,False,,False,,False,,0,False,,False,,False,,0,False,,False,,False,,0
SRE,sensex,09:16:00,15:25:00,BUY,0,50,0.6,2024-03-06,Wednesday,2,09:16:00,73526.12,73300CE,471.0,73800PE,448.65,919.65,459.825,False,,False,,111.90437499999997,False,,False,,False,,0,False,,False,,False,,0,False,,False,,False,,0,False,,False,,False,,0,False,,False,,False,,0,False,,False,,False,,0,False,,False,,False,,0,False,,False,,False,,0,False,,False,,False,,0,False,,False,,False,,0
SRE,sensex,09:16:00,15:25:00,BUY,0,50,0.6,2024-03-07,Thursday,1,09:16:00,74082.81,73800CE,430.55,74500PE,430.0,860.55,430.275,False,,False,,-169.90687499999987,False,,False,,False,,0,False,,False,,False,,0,False,,False,,False,,0,False,,False,,False,,0,False,,False,,False,,0,False,,False,,False,,0,False,,False,,False,,0,False,,False,,False,,0,False,,False,,False,,0,False,,False,,False,,0
SRE,sensex,09:16:00,15:25:00,BUY,0,50,0.6,2024-03-11,Monday,5,09:16:00,74125.16,74300CE,465.75,74000PE,460.35,926.1,463.05,False,,False,,-79.72625000000009,False,,False,,False,,0,False,,False,,False,,0,False,,False,,False,,0,False,,False,,False,,0,False,,False,,False,,0,False,,False,,False,,0,False,,False,,False,,0,False,,False,,False,,0,False,,False,,False,,0,False,,False,,False,,0
SRE,sensex,09:16:00,15:25:00,BUY,0,50,0.6,2024-03-12,Tuesday,4,09:16:00,73560.36,73700CE,437.45,73600PE,454.45,891.9,445.95,False,,False,,-74.84874999999994,False,,False,,False,,0,False,,False,,False,,0,False,,False,,False,,0,False,,False,,False,,0,False,,False,,False,,0,False,,False,,False,,0,False,,False,,False,,0,False,,False,,False,,0,False,,False,,False,,0,False,,False,,False,,0
SRE,sensex,09:16:00,15:25:00,BUY,0,50,0.6,2024-03-13,Wednesday,3,09:16:00,73908.77,73900CE,446.2,74000PE,431.3,877.5,438.75,False,,False,,525.98125,False,,False,,False,,0,False,,False,,False,,0,False,,False,,False,,0,False,,False,,False,,0,False,,False,,False,,0,False,,False,,False,,0,False,,False,,False,,0,False,,False,,False,,0,False,,False,,False,,0,False,,False,,False,,0
SRE,sensex,09:16:00,15:25:00,BUY,0,50,0.6,2024-03-14,Thursday,2,09:16:00,72664.24,72500CE,465.5,72900PE,485.0,950.5,475.25,False,,False,,-120.28124999999997,False,,False,,False,,0,False,,False,,False,,0,False,,False,,False,,0,False,,False,,False,,0,False,,False,,False,,0,False,,False,,False,,0,False,,False,,False,,0,False,,False,,False,,0,False,,False,,False,,0,False,,False,,False,,0
SRE,sensex,09:16:00,15:25:00,BUY,0,50,0.6,2024-03-15,Friday,1,09:16:00,72914.37,72500CE,477.8,73300PE,469.0,946.8,473.4,False,,False,,-157.18499999999992,False,,False,,False,,0,False,,False,,False,,0,False,,False,,False,,0,False,,False,,False,,0,False,,False,,False,,0,False,,False,,False,,0,False,,False,,False,,0,False,,False,,False,,0,False,,False,,False,,0,False,,False,,False,,0
SRE,sensex,09:16:00,15:25:00,BUY,0,50,0.6,2024-03-18,Monday,5,09:16:00,72568.53,72900CE,465.55,72500PE,455.3,920.85,460.425,False,,False,,-155.01062500000012,False,,False,,False,,0,False,,False,,False,,0,False,,False,,False,,0,False,,False,,False,,0,False,,False,,False,,0,False,,False,,False,,0,False,,False,,False,,0,False,,False,,False,,0,False,,False,,False,,0,False,,False,,False,,0
SRE,sensex,09:16:00,15:25:00,BUY,0,50,0.6,2024-03-19,Tuesday,4,09:16:00,72399.77,72500CE,472.4,72600PE,457.0,929.4,464.7,False,,False,,25.482500000000023,False,,False,,False,,0,False,,False,,False,,0,False,,False,,False,,0,False,,False,,False,,0,False,,False,,False,,0,False,,False,,False,,0,False,,False,,False,,0,False,,False,,False,,0,False,,False,,False,,0,False,,False,,False,,0
SRE,sensex,09:16:00,15:25:00,BUY,0,50,0.6,2024-03-20,Wednesday,3,09:16:00,72203.07,72200CE,443.2,72400PE,451.9,895.0999999999999,447.54999999999995,False,,False,,-77.83874999999986,False,,False,,False,,0,False,,False,,False,,0,False,,False,,False,,0,False,,False,,False,,0,False,,False,,False,,0,False,,False,,False,,0,False,,False,,False,,0,False,,False,,False,,0,False,,False,,False,,0,False,,False,,False,,0
SRE,sensex,09:16:00,15:25:00,BUY,0,50,0.6,2024-03-21,Thursday,2,09:16:00,72662.17,72400CE,478.7,73000PE,474.0,952.7,476.35,False,,False,,-182.60875000000004,False,,False,,False,,0,False,,False,,False,,0,False,,False,,False,,0,False,,False,,False,,0,False,,False,,False,,0,False,,False,,False,,0,False,,False,,False,,0,False,,False,,False,,0,False,,False,,False,,0,False,,False,,False,,0
SRE,sensex,09:16:00,15:25:00,BUY,0,50,0.6,2024-03-22,Friday,1,09:16:00,72429.62,72100CE,476.1,72900PE,445.75,921.85,460.925,False,,False,,-133.37312500000002,False,,False,,False,,0,False,,False,,False,,0,False,,False,,False,,0,False,,False,,False,,0,False,,False,,False,,0,False,,False,,False,,0,False,,False,,False,,0,False,,False,,False,,0,False,,False,,False,,0,False,,False,,False,,0
SRE,sensex,09:16:00,15:25:00,BUY,0,50,0.6,2024-03-26,Tuesday,3,09:16:00,72627.03,72700CE,440.35,72900PE,434.2,874.55,437.275,False,,False,,-136.0318749999999,False,,False,,False,,0,False,,False,,False,,0,False,,False,,False,,0,False,,False,,False,,0,False,,False,,False,,0,False,,False,,False,,0,False,,False,,False,,0,False,,False,,False,,0,False,,False,,False,,0,False,,False,,False,,0
SRE,sensex,09:16:00,15:25:00,BUY,0,50,0.6,2024-03-27,Wednesday,2,09:16:00,72618.34,72500CE,428.15,73000PE,441.65,869.8,434.9,False,,False,,-63.27249999999998,False,,False,,False,,0,False,,False,,False,,0,False,,False,,False,,0,False,,False,,False,,0,False,,False,,False,,0,False,,False,,False,,0,False,,False,,False,,0,False,,False,,False,,0,False,,False,,False,,0,False,,False,,False,,0
SRE,sensex,09:16:00,15:25:00,BUY,0,50,0.6,2024-03-28,Thursday,1,09:16:00,73162.15,72800CE,475.7,73700PE,490.9,966.5999999999999,483.29999999999995,False,,False,,-75.08249999999988,False,,False,,False,,0,False,,False,,False,,0,False,,False,,False,,0,False,,False,,False,,0,False,,False,,False,,0,False,,False,,False,,0,False,,False,,False,,0,False,,False,,False,,0,False,,False,,False,,0,False,,False,,False,,0
SRE,sensex,09:16:00,15:25:00,BUY,0,50,0.6,2024-04-01,Monday,5,09:16:00,74128.22,74300CE,424.3,74000PE,442.0,866.3,433.15,False,,False,,-145.87874999999997,False,,False,,False,,0,False,,False,,False,,0,False,,False,,False,,0,False,,False,,False,,0,False,,False,,False,,0,False,,False,,False,,0,False,,False,,False,,0,False,,False,,False,,0,False,,False,,False,,0,False,,False,,False,,0
SRE,sensex,09:16:00,15:25:00,BUY,0,50,0.6,2024-04-02,Tuesday,4,09:16:00,73891.77,73900CE,471.35,74000PE,450.9,922.25,461.125,False,,False,,-139.42812499999997,False,,False,,False,,0,False,,False,,False,,0,False,,False,,False,,0,False,,False,,False,,0,False,,False,,False,,0,False,,False,,False,,0,False,,False,,False,,0,False,,False,,False,,0,False,,False,,False,,0,False,,False,,False,,0
SRE,sensex,09:16:00,15:25:00,BUY,0,50,0.6,2024-04-03,Wednesday,3,09:16:00,73617.79,73500CE,438.3,73900PE,454.1,892.4000000000001,446.20000000000005,False,,False,,-5.455000000000069,False,,False,,False,,0,False,,False,,False,,0,False,,False,,False,,0,False,,False,,False,,0,False,,False,,False,,0,False,,False,,False,,0,False,,False,,False,,0,False,,False,,False,,0,False,,False,,False,,0,False,,False,,False,,0
SRE,sensex,09:16:00,15:25:00,BUY,0,50,0.6,2024-04-04,Thursday,2,09:16:00,74379.62,74100CE,440.0,74600PE,425.95,865.95,432.975,False,,False,,-116.27437500000005,False,,False,,False,,0,False,,False,,False,,0,False,,False,,False,,0,False,,False,,False,,0,False,,False,,False,,0,False,,False,,False,,0,False,,False,,False,,0,False,,False,,False,,0,False,,False,,False,,0,False,,False,,False,,0
SRE,sensex,09:16:00,15:25:00,BUY,0,50,0.6,2024-04-05,Friday,1,09:16:00,74103.75,73700CE,460.15,74400PE,461.8,921.95,460.975,False,,False,,-235.5243750000001,False,,False,,False,,0,False,,False,,False,,0,False,,False,,False,,0,False,,False,,False,,0,False,,False,,False,,0,False,,False,,False,,0,False,,False,,False,,0,False,,False,,False,,0,False,,False,,False,,0,False,,False,,False,,0
SRE,sensex,09:16:00,15:25:00,BUY,0,50,0.6,2024-04-08,Monday,5,09:16:00,74484.33,74500CE,477.75,74400PE,456.0,933.75,466.875,False,,False,,-87.171875,False,,False,,False,,0,False,,False,,False,,0,False,,False,,False,,0,False,,False,,False,,0,False,,False,,False,,0,False,,False,,False,,0,False,,False,,False,,0,False,,False,,False,,0,False,,False,,False,,0,False,,False,,False,,0
SRE,sensex,09:16:00,15:25:00,BUY,0,50,0.6,2024-04-09,Tuesday,4,09:16:00,74931.33,74800CE,455.3,75000PE,435.75,891.05,445.525,False,,False,,-136.638125,False,,False,,False,,0,False,,False,,False,,0,False,,False,,False,,0,False,,False,,False,,0,False,,False,,False,,0,False,,False,,False,,0,False,,False,,False,,0,False,,False,,False,,0,False,,False,,False,,0,False,,False,,False,,0
SRE,sensex,09:16:00,15:25:00,BUY,0,50,0.6,2024-04-10,Wednesday,3,09:16:00,74891.62,74600CE,438.4,75100PE,465.4,903.8,451.9,False,,False,,-144.1975,False,,False,,False,,0,False,,False,,False,,0,False,,False,,False,,0,False,,False,,False,,0,False,,False,,False,,0,False,,False,,False,,0,False,,False,,False,,0,False,,False,,False,,0,False,,False,,False,,0,False,,False,,False,,0
SRE,sensex,09:16:00,15:25:00,BUY,0,50,0.6,2024-04-12,Friday,1,09:16:00,74829.35,74400CE,454.55,75200PE,456.1,910.6500000000001,455.32500000000005,False,,False,,34.81687499999982,False,,False,,False,,0,False,,False,,False,,0,False,,False,,False,,0,False,,False,,False,,0,False,,False,,False,,0,False,,False,,False,,0,False,,False,,False,,0,False,,False,,False,,0,False,,False,,False,,0,False,,False,,False,,0
SRE,sensex,09:16:00,15:25:00,BUY,0,50,0.6,2024-04-15,Monday,5,09:16:00,73656.89,74000CE,482.35,73600PE,516.95,999.3000000000001,499.65000000000003,False,,False,,-291.64124999999996,False,,False,,False,,0,False,,False,,False,,0,False,,False,,False,,0,False,,False,,False,,0,False,,False,,False,,0,False,,False,,False,,0,False,,False,,False,,0,False,,False,,False,,0,False,,False,,False,,0,False,,False,,False,,0
SRE,sensex,09:16:00,15:25:00,BUY,0,50,0.6,2024-04-16,Tuesday,4,09:16:00,72881.11,73000CE,468.9,73100PE,457.25,926.15,463.075,False,,False,,-126.87687499999996,False,,False,,False,,0,False,,False,,False,,0,False,,False,,False,,0,False,,False,,False,,0,False,,False,,False,,0,False,,False,,False,,0,False,,False,,False,,0,False,,False,,False,,0,False,,False,,False,,0,False,,False,,False,,0
SRE,sensex,09:16:00,15:25:00,BUY,0,50,0.6,2024-04-18,Thursday,2,09:16:00,73226.82,73000CE,432.9,73500PE,458.4,891.3,445.65,False,,False,,108.85875,False,,False,,False,,0,False,,False,,False,,0,False,,False,,False,,0,False,,False,,False,,0,False,,False,,False,,0,False,,False,,False,,0,False,,False,,False,,0,False,,False,,False,,0,False,,False,,False,,0,False,,False,,False,,0
SRE,sensex,09:16:00,15:25:00,BUY,0,50,0.6,2024-04-19,Friday,1,09:16:00,71919.0,71700CE,454.6,72300PE,469.6,924.2,462.1,False,,False,,443.84749999999985,False,,False,,False,,0,False,,False,,False,,0,False,,False,,False,,0,False,,False,,False,,0,False,,False,,False,,0,False,,False,,False,,0,False,,False,,False,,0,False,,False,,False,,0,False,,False,,False,,0,False,,False,,False,,0
SRE,sensex,09:16:00,15:25:00,BUY,0,50,0.6,2024-04-22,Monday,5,09:16:00,73506.26,73600CE,463.65,73300PE,467.4,931.05,465.525,False,,False,,-105.98812499999991,False,,False,,False,,0,False,,False,,False,,0,False,,False,,False,,0,False,,False,,False,,0,False,,False,,False,,0,False,,False,,False,,0,False,,False,,False,,0,False,,False,,False,,0,False,,False,,False,,0,False,,False,,False,,0
SRE,sensex,09:16:00,15:25:00,BUY,0,50,0.6,2024-04-23,Tuesday,4,09:16:00,73877.55,73800CE,430.05,73800PE,440.55,870.6,435.3,False,,False,,-110.18250000000006,False,,False,,False,,0,False,,False,,False,,0,False,,False,,False,,0,False,,False,,False,,0,False,,False,,False,,0,False,,False,,False,,0,False,,False,,False,,0,False,,False,,False,,0,False,,False,,False,,0,False,,False,,False,,0
SRE,sensex,09:16:00,15:25:00,BUY,0,50,0.6,2024-04-24,Wednesday,3,09:16:00,73944.07,73700CE,459.05,74100PE,456.7,915.75,457.875,False,,False,,-81.5968750000001,False,,False,,False,,0,False,,False,,False,,0,False,,False,,False,,0,False,,False,,False,,0,False,,False,,False,,0,False,,False,,False,,0,False,,False,,False,,0,False,,False,,False,,0,False,,False,,False,,0,False,,False,,False,,0
SRE,sensex,09:16:00,15:25:00,BUY,0,50,0.6,2024-04-25,Thursday,2,09:16:00,73664.19,73400CE,465.25,74100PE,497.8,963.05,481.525,False,,False,,160.961875,False,,False,,False,,0,False,,False,,False,,0,False,,False,,False,,0,False,,False,,False,,0,False,,False,,False,,0,False,,False,,False,,0,False,,False,,False,,0,False,,False,,False,,0,False,,False,,False,,0,False,,False,,False,,0
SRE,sensex,09:16:00,15:25:00,BUY,0,50,0.6,2024-04-26,Friday,1,09:16:00,74446.64,74000CE,475.0,74800PE,456.45,931.45,465.725,False,,False,,127.75687499999987,False,,False,,False,,0,False,,False,,False,,0,False,,False,,False,,0,False,,False,,False,,0,False,,False,,False,,0,False,,False,,False,,0,False,,False,,False,,0,False,,False,,False,,0,False,,False,,False,,0,False,,False,,False,,0
SRE,sensex,09:16:00,15:25:00,BUY,0,50,0.6,2024-04-29,Monday,5,09:16:00,73986.74,74300CE,410.15,74100PE,430.1,840.25,420.125,False,,False,,16.94687499999993,False,,False,,False,,0,False,,False,,False,,0,False,,False,,False,,0,False,,False,,False,,0,False,,False,,False,,0,False,,False,,False,,0,False,,False,,False,,0,False,,False,,False,,0,False,,False,,False,,0,False,,False,,False,,0
SRE,sensex,09:16:00,15:25:00,BUY,0,50,0.6,2024-04-30,Tuesday,4,09:16:00,74802.67,74700CE,446.4,74900PE,430.4,876.8,438.4,False,,False,,-85.35999999999987,False,,False,,False,,0,False,,False,,False,,0,False,,False,,False,,0,False,,False,,False,,0,False,,False,,False,,0,False,,False,,False,,0,False,,False,,False,,0,False,,False,,False,,0,False,,False,,False,,0,False,,False,,False,,0
SRE,sensex,09:16:00,15:25:00,BUY,0,50,0.6,2024-05-02,Thursday,2,09:16:00,74636.89,74400CE,482.6,74900PE,453.45,936.05,468.025,False,,False,,-190.5506249999999,False,,False,,False,,0,False,,False,,False,,0,False,,False,,False,,0,False,,False,,False,,0,False,,False,,False,,0,False,,False,,False,,0,False,,False,,False,,0,False,,False,,False,,0,False,,False,,False,,0,False,,False,,False,,0
SRE,sensex,09:16:00,15:25:00,BUY,0,50,0.6,2024-05-03,Friday,1,09:16:00,75024.17,74600CE,485.9,75400PE,472.05,957.95,478.975,False,,False,,550.4256249999999,False,,False,,False,,0,False,,False,,False,,0,False,,False,,False,,0,False,,False,,False,,0,False,,False,,False,,0,False,,False,,False,,0,False,,False,,False,,0,False,,False,,False,,0,False,,False,,False,,0,False,,False,,False,,0
SRE,sensex,09:16:00,15:25:00,BUY,0,50,0.6,2024-05-06,Monday,5,09:16:00,74065.37,74300CE,468.9,74000PE,463.8,932.7,466.35,False,,False,,-100.55875000000009,False,,False,,False,,0,False,,False,,False,,0,False,,False,,False,,0,False,,False,,False,,0,False,,False,,False,,0,False,,False,,False,,0,False,,False,,False,,0,False,,False,,False,,0,False,,False,,False,,0,False,,False,,False,,0
SRE,sensex,09:16:00,15:25:00,BUY,0,50,0.6,2024-05-07,Tuesday,4,09:16:00,73945.85,74100CE,438.75,73900PE,438.2,876.95,438.475,False,,False,,-11.211875000000001,False,,False,,False,,0,False,,False,,False,,0,False,,False,,False,,0,False,,False,,False,,0,False,,False,,False,,0,False,,False,,False,,0,False,,False,,False,,0,False,,False,,False,,0,False,,False,,False,,0,False,,False,,False,,0
SRE,sensex,09:16:00,15:25:00,BUY,0,50,0.6,2024-05-08,Wednesday,3,09:16:00,73175.66,73200CE,459.7,73300PE,464.75,924.45,462.225,False,,False,,-135.10562500000006,False,,False,,False,,0,False,,False,,False,,0,False,,False,,False,,0,False,,False,,False,,0,False,,False,,False,,0,False,,False,,False,,0,False,,False,,False,,0,False,,False,,False,,0,False,,False,,False,,0,False,,False,,False,,0
SRE,sensex,09:16:00,15:25:00,BUY,0,50,0.6,2024-05-09,Thursday,2,09:16:00,73407.21,73300CE,463.35,73700PE,438.45,901.8,450.9,False,,False,,445.92750000000007,False,,False,,False,,0,False,,False,,False,,0,False,,False,,False,,0,False,,False,,False,,0,False,,False,,False,,0,False,,False,,False,,0,False,,False,,False,,0,False,,False,,False,,0,False,,False,,False,,0,False,,False,,False,,0
SRE,sensex,09:16:00,15:25:00,BUY,0,50,0.6,2024-05-10,Friday,1,09:16:00,72501.13,72300CE,413.65,72900PE,445.0,858.65,429.325,False,,False,,-270.333125,False,,False,,False,,0,False,,False,,False,,0,False,,False,,False,,0,False,,False,,False,,0,False,,False,,False,,0,False,,False,,False,,0,False,,False,,False,,0,False,,False,,False,,0,False,,False,,False,,0,False,,False,,False,,0
SRE,sensex,09:16:00,15:25:00,BUY,0,50,0.6,2024-05-13,Monday,5,09:16:00,72406.21,72800CE,437.1,72400PE,443.75,880.85,440.425,False,,False,,-81.11062500000003,False,,False,,False,,0,False,,False,,False,,0,False,,False,,False,,0,False,,False,,False,,0,False,,False,,False,,0,False,,False,,False,,0,False,,False,,False,,0,False,,False,,False,,0,False,,False,,False,,0,False,,False,,False,,0
SRE,sensex,09:16:00,15:25:00,BUY,0,50,0.6,2024-05-14,Tuesday,4,09:16:00,72986.82,73100CE,442.35,73100PE,465.1,907.45,453.725,False,,False,,-110.94312500000002,False,,False,,False,,0,False,,False,,False,,0,False,,False,,False,,0,False,,False,,False,,0,False,,False,,False,,0,False,,False,,False,,0,False,,False,,False,,0,False,,False,,False,,0,False,,False,,False,,0,False,,False,,False,,0
SRE,sensex,09:16:00,15:25:00,BUY,0,50,0.6,2024-05-15,Wednesday,3,09:16:00,73180.08,73100CE,476.4,73400PE,476.4,952.8,476.4,False,,False,,-111.35999999999993,False,,False,,False,,0,False,,False,,False,,0,False,,False,,False,,0,False,,False,,False,,0,False,,False,,False,,0,False,,False,,False,,0,False,,False,,False,,0,False,,False,,False,,0,False,,False,,False,,0,False,,False,,False,,0
SRE,sensex,09:16:00,15:25:00,BUY,0,50,0.6,2024-05-16,Thursday,2,09:16:00,73289.13,73100CE,433.85,73500PE,423.9,857.75,428.875,False,,False,,-12.621874999999978,False,,False,,False,,0,False,,False,,False,,0,False,,False,,False,,0,False,,False,,False,,0,False,,False,,False,,0,False,,False,,False,,0,False,,False,,False,,0,False,,False,,False,,0,False,,False,,False,,0,False,,False,,False,,0
SRE,sensex,09:16:00,15:25:00,BUY,0,50,0.6,2024-05-17,Friday,1,09:16:00,73605.99,73200CE,454.1,73800PE,423.8,877.9000000000001,438.95000000000005,False,,False,,-175.2237500000001,False,,False,,False,,0,False,,False,,False,,0,False,,False,,False,,0,False,,False,,False,,0,False,,False,,False,,0,False,,False,,False,,0,False,,False,,False,,0,False,,False,,False,,0,False,,False,,False,,0,False,,False,,False,,0
SRE,sensex,09:16:00,15:25:00,BUY,0,50,0.6,2024-05-21,Tuesday,4,09:16:00,73856.52,74100CE,460.9,73900PE,470.05,930.95,465.475,False,,False,,-171.33687500000005,False,,False,,False,,0,False,,False,,False,,0,False,,False,,False,,0,False,,False,,False,,0,False,,False,,False,,0,False,,False,,False,,0,False,,False,,False,,0,False,,False,,False,,0,False,,False,,False,,0,False,,False,,False,,0
SRE,sensex,09:16:00,15:25:00,BUY,0,50,0.6,2024-05-22,Wednesday,3,09:16:00,74036.98,74000CE,472.4,74200PE,451.0,923.4,461.7,False,,False,,-120.59250000000007,False,,False,,False,,0,False,,False,,False,,0,False,,False,,False,,0,False,,False,,False,,0,False,,False,,False,,0,False,,False,,False,,0,False,,False,,False,,0,False,,False,,False,,0,False,,False,,False,,0,False,,False,,False,,0
SRE,sensex,09:16:00,15:25:00,BUY,0,50,0.6,2024-05-23,Thursday,2,09:16:00,74230.7,74100CE,446.5,74500PE,450.8,897.3,448.65,False,,False,,484.38375000000013,False,,False,,False,,0,False,,False,,False,,0,False,,False,,False,,0,False,,False,,False,,0,False,,False,,False,,0,False,,False,,False,,0,False,,False,,False,,0,False,,False,,False,,0,False,,False,,False,,0,False,,False,,False,,0
SRE,sensex,09:16:00,15:25:00,BUY,0,50,0.6,2024-05-24,Friday,1,09:16:00,75292.8,75000CE,453.55,75700PE,477.05,930.6,465.3,False,,False,,-243.1325,False,,False,,False,,0,False,,False,,False,,0,False,,False,,False,,0,False,,False,,False,,0,False,,False,,False,,0,False,,False,,False,,0,False,,False,,False,,0,False,,False,,False,,0,False,,False,,False,,0,False,,False,,False,,0
SRE,sensex,09:16:00,15:25:00,BUY,0,50,0.6,2024-05-27,Monday,5,09:16:00,75628.22,75800CE,470.0,75400PE,461.25,931.25,465.625,False,,False,,-131.24062500000002,False,,False,,False,,0,False,,False,,False,,0,False,,False,,False,,0,False,,False,,False,,0,False,,False,,False,,0,False,,False,,False,,0,False,,False,,False,,0,False,,False,,False,,0,False,,False,,False,,0,False,,False,,False,,0
SRE,sensex,09:16:00,15:25:00,BUY,0,50,0.6,2024-05-28,Tuesday,4,09:16:00,75530.19,75700CE,451.9,75500PE,468.25,920.15,460.075,False,,False,,-122.15187499999998,False,,False,,False,,0,False,,False,,False,,0,False,,False,,False,,0,False,,False,,False,,0,False,,False,,False,,0,False,,False,,False,,0,False,,False,,False,,0,False,,False,,False,,0,False,,False,,False,,0,False,,False,,False,,0
SRE,sensex,09:16:00,15:25:00,BUY,0,50,0.6,2024-05-29,Wednesday,3,09:16:00,74839.41,75100CE,428.55,75100PE,440.3,868.85,434.425,False,,False,,-24.21062500000002,False,,False,,False,,0,False,,False,,False,,0,False,,False,,False,,0,False,,False,,False,,0,False,,False,,False,,0,False,,False,,False,,0,False,,False,,False,,0,False,,False,,False,,0,False,,False,,False,,0,False,,False,,False,,0
SRE,sensex,09:16:00,15:25:00,BUY,0,50,0.6,2024-05-30,Thursday,2,09:16:00,74288.2,74300CE,453.5,74600PE,445.75,899.25,449.625,False,,False,,-1.3906249999999787,False,,False,,False,,0,False,,False,,False,,0,False,,False,,False,,0,False,,False,,False,,0,False,,False,,False,,0,False,,False,,False,,0,False,,False,,False,,0,False,,False,,False,,0,False,,False,,False,,0,False,,False,,False,,0
SRE,sensex,09:16:00,15:25:00,BUY,0,50,0.6,2024-05-31,Friday,1,09:16:00,74167.68,73900CE,489.0,74600PE,489.0,978.0,489.0,False,,False,,-292.125,False,,False,,False,,0,False,,False,,False,,0,False,,False,,False,,0,False,,False,,False,,0,False,,False,,False,,0,False,,False,,False,,0,False,,False,,False,,0,False,,False,,False,,0,False,,False,,False,,0,False,,False,,False,,0
SRE,sensex,09:16:00,15:25:00,BUY,0,50,0.6,2024-06-03,Monday,5,09:16:00,76027.93,77500CE,500.0,74200PE,500.0,1000.0,500.0,False,,False,,287.95000000000005,False,,False,,False,,0,False,,False,,False,,0,False,,False,,False,,0,False,,False,,False,,0,False,,False,,False,,0,False,,False,,False,,0,False,,False,,False,,0,False,,False,,False,,0,False,,False,,False,,0,False,,False,,False,,0
SRE,sensex,09:16:00,15:25:00,BUY,0,50,0.6,2024-06-04,Tuesday,4,09:16:00,75352.3,75900CE,455.1,74500PE,476.5,931.6,465.8,False,,False,,2154.8050000000003,False,,False,,False,,0,False,,False,,False,,0,False,,False,,False,,0,False,,False,,False,,0,False,,False,,False,,0,False,,False,,False,,0,False,,False,,False,,0,False,,False,,False,,0,False,,False,,False,,0,False,,False,,False,,0
SRE,sensex,09:16:00,15:25:00,BUY,0,50,0.6,2024-06-05,Wednesday,3,09:16:00,72761.46,74700CE,449.55,71200PE,457.75,907.3,453.65,False,,False,,-406.34125,False,,False,,False,,0,False,,False,,False,,0,False,,False,,False,,0,False,,False,,False,,0,False,,False,,False,,0,False,,False,,False,,0,False,,False,,False,,0,False,,False,,False,,0,False,,False,,False,,0,False,,False,,False,,0
SRE,sensex,09:16:00,15:25:00,BUY,0,50,0.6,2024-06-06,Thursday,2,09:16:00,74798.72,75100CE,438.7,74600PE,448.55,887.25,443.625,False,,False,,-372.89062499999994,False,,False,,False,,0,False,,False,,False,,0,False,,False,,False,,0,False,,False,,False,,0,False,,False,,False,,0,False,,False,,False,,0,False,,False,,False,,0,False,,False,,False,,0,False,,False,,False,,0,False,,False,,False,,0
SRE,sensex,09:16:00,15:25:00,BUY,0,50,0.6,2024-06-07,Friday,1,09:16:00,74995.78,74700CE,448.0,75200PE,469.0,917.0,458.5,False,,False,,1087.1874999999998,False,,False,,False,,0,False,,False,,False,,0,False,,False,,False,,0,False,,False,,False,,0,False,,False,,False,,0,False,,False,,False,,0,False,,False,,False,,0,False,,False,,False,,0,False,,False,,False,,0,False,,False,,False,,0
SRE,sensex,09:16:00,15:25:00,BUY,0,50,0.6,2024-06-10,Monday,5,09:16:00,77035.05,77900CE,453.2,76300PE,465.8,919.0,459.5,False,,False,,-163.08749999999992,False,,False,,False,,0,False,,False,,False,,0,False,,False,,False,,0,False,,False,,False,,0,False,,False,,False,,0,False,,False,,False,,0,False,,False,,False,,0,False,,False,,False,,0,False,,False,,False,,0,False,,False,,False,,0
SRE,sensex,09:16:00,15:25:00,BUY,0,50,0.6,2024-06-11,Tuesday,4,09:16:00,76407.19,76800CE,471.8,76100PE,464.6,936.4000000000001,468.20000000000005,False,,False,,-298.3050000000001,False,,False,,False,,0,False,,False,,False,,0,False,,False,,False,,0,False,,False,,False,,0,False,,False,,False,,0,False,,False,,False,,0,False,,False,,False,,0,False,,False,,False,,0,False,,False,,False,,0,False,,False,,False,,0
SRE,sensex,09:16:00,15:25:00,BUY,0,50,0.6,2024-06-12,Wednesday,3,09:16:00,76624.31,76600CE,480.0,76700PE,471.8,951.8,475.9,False,,False,,-82.04749999999999,False,,False,,False,,0,False,,False,,False,,0,False,,False,,False,,0,False,,False,,False,,0,False,,False,,False,,0,False,,False,,False,,0,False,,False,,False,,0,False,,False,,False,,0,False,,False,,False,,0,False,,False,,False,,0
SRE,sensex,09:16:00,15:25:00,BUY,0,50,0.6,2024-06-13,Thursday,2,09:16:00,76977.05,76700CE,509.85,77200PE,487.35,997.2,498.6,False,,False,,-242.8650000000001,False,,False,,False,,0,False,,False,,False,,0,False,,False,,False,,0,False,,False,,False,,0,False,,False,,False,,0,False,,False,,False,,0,False,,False,,False,,0,False,,False,,False,,0,False,,False,,False,,0,False,,False,,False,,0
SRE,sensex,09:16:00,15:25:00,BUY,0,50,0.6,2024-06-14,Friday,1,09:16:00,76889.71,76400CE,479.5,77300PE,514.15,993.65,496.825,False,,False,,-106.87062499999993,False,,False,,False,,0,False,,False,,False,,0,False,,False,,False,,0,False,,False,,False,,0,False,,False,,False,,0,False,,False,,False,,0,False,,False,,False,,0,False,,False,,False,,0,False,,False,,False,,0,False,,False,,False,,0
SRE,sensex,09:16:00,15:25:00,BUY,0,50,0.6,2024-06-18,Tuesday,4,09:16:00,77191.38,77000CE,497.4,77300PE,520.7,1018.1,509.05,False,,False,,-110.87625000000008,False,,False,,False,,0,False,,False,,False,,0,False,,False,,False,,0,False,,False,,False,,0,False,,False,,False,,0,False,,False,,False,,0,False,,False,,False,,0,False,,False,,False,,0,False,,False,,False,,0,False,,False,,False,,0
SRE,sensex,09:16:00,15:25:00,BUY,0,50,0.6,2024-06-19,Wednesday,3,09:16:00,77410.34,77100CE,493.65,77600PE,484.25,977.9,488.95,False,,False,,16.526249999999997,False,,False,,False,,0,False,,False,,False,,0,False,,False,,False,,0,False,,False,,False,,0,False,,False,,False,,0,False,,False,,False,,0,False,,False,,False,,0,False,,False,,False,,0,False,,False,,False,,0,False,,False,,False,,0
SRE,sensex,09:16:00,15:25:00,BUY,0,50,0.6,2024-06-20,Thursday,2,09:16:00,77464.95,77100CE,493.85,77600PE,500.3,994.1500000000001,497.07500000000005,False,,False,,-203.4268750000001,False,,False,,False,,0,False,,False,,False,,0,False,,False,,False,,0,False,,False,,False,,0,False,,False,,False,,0,False,,False,,False,,0,False,,False,,False,,0,False,,False,,False,,0,False,,False,,False,,0,False,,False,,False,,0
SRE,sensex,09:16:00,15:25:00,BUY,0,50,0.6,2024-06-21,Friday,1,09:16:00,77606.54,77200CE,452.3,77900PE,479.95,932.25,466.125,False,,False,,-244.10312499999992,False,,False,,False,,0,False,,False,,False,,0,False,,False,,False,,0,False,,False,,False,,0,False,,False,,False,,0,False,,False,,False,,0,False,,False,,False,,0,False,,False,,False,,0,False,,False,,False,,0,False,,False,,False,,0
SRE,sensex,09:16:00,15:25:00,BUY,0,50,0.6,2024-06-24,Monday,5,09:16:00,76840.83,77000CE,477.1,76800PE,465.05,942.1500000000001,471.07500000000005,False,,False,,-2.8268750000000704,False,,False,,False,,0,False,,False,,False,,0,False,,False,,False,,0,False,,False,,False,,0,False,,False,,False,,0,False,,False,,False,,0,False,,False,,False,,0,False,,False,,False,,0,False,,False,,False,,0,False,,False,,False,,0
SRE,sensex,09:16:00,15:25:00,BUY,0,50,0.6,2024-06-25,Tuesday,4,09:16:00,77479.44,77400CE,464.35,77400PE,455.1,919.45,459.725,False,,False,,70.506875,False,,False,,False,,0,False,,False,,False,,0,False,,False,,False,,0,False,,False,,False,,0,False,,False,,False,,0,False,,False,,False,,0,False,,False,,False,,0,False,,False,,False,,0,False,,False,,False,,0,False,,False,,False,,0
SRE,sensex,09:16:00,15:25:00,BUY,0,50,0.6,2024-06-26,Wednesday,3,09:16:00,78091.59,77900CE,452.0,78000PE,457.35,909.35,454.675,False,,False,,79.93312500000008,False,,False,,False,,0,False,,False,,False,,0,False,,False,,False,,0,False,,False,,False,,0,False,,False,,False,,0,False,,False,,False,,0,False,,False,,False,,0,False,,False,,False,,0,False,,False,,False,,0,False,,False,,False,,0
SRE,sensex,09:16:00,15:25:00,BUY,0,50,0.6,2024-06-27,Thursday,2,09:16:00,78538.64,78200CE,529.55,78700PE,507.35,1036.9,518.45,False,,False,,219.33874999999972,False,,False,,False,,0,False,,False,,False,,0,False,,False,,False,,0,False,,False,,False,,0,False,,False,,False,,0,False,,False,,False,,0,False,,False,,False,,0,False,,False,,False,,0,False,,False,,False,,0,False,,False,,False,,0
SRE,sensex,09:16:00,15:25:00,BUY,0,50,0.6,2024-06-28,Friday,1,09:16:00,79477.99,79100CE,492.75,79800PE,489.6,982.35,491.175,False,,False,,-226.22937500000006,False,,False,,False,,0,False,,False,,False,,0,False,,False,,False,,0,False,,False,,False,,0,False,,False,,False,,0,False,,False,,False,,0,False,,False,,False,,0,False,,False,,False,,0,False,,False,,False,,0,False,,False,,False,,0
SRE,sensex,09:16:00,15:25:00,BUY,0,50,0.6,2024-07-01,Monday,5,09:16:00,79065.38,79300CE,477.3,78900PE,484.0,961.3,480.65,False,,False,,-67.66624999999998,False,,False,,False,,0,False,,False,,False,,0,False,,False,,False,,0,False,,False,,False,,0,False,,False,,False,,0,False,,False,,False,,0,False,,False,,False,,0,False,,False,,False,,0,False,,False,,False,,0,False,,False,,False,,0
SRE,sensex,09:16:00,15:25:00,BUY,0,50,0.6,2024-07-02,Tuesday,4,09:16:00,79702.77,79600CE,496.15,79600PE,491.4,987.55,493.775,False,,False,,-127.49437499999986,False,,False,,False,,0,False,,False,,False,,0,False,,False,,False,,0,False,,False,,False,,0,False,,False,,False,,0,False,,False,,False,,0,False,,False,,False,,0,False,,False,,False,,0,False,,False,,False,,0,False,,False,,False,,0
SRE,sensex,09:16:00,15:25:00,BUY,0,50,0.6,2024-07-03,Wednesday,3,09:16:00,79800.84,79600CE,463.25,79800PE,444.7,907.95,453.975,False,,False,,-58.849375,False,,False,,False,,0,False,,False,,False,,0,False,,False,,False,,0,False,,False,,False,,0,False,,False,,False,,0,False,,False,,False,,0,False,,False,,False,,0,False,,False,,False,,0,False,,False,,False,,0,False,,False,,False,,0
SRE,sensex,09:16:00,15:25:00,BUY,0,50,0.6,2024-07-04,Thursday,2,09:16:00,80209.96,79800CE,498.15,80400PE,525.0,1023.15,511.575,False,,False,,-205.08937500000008,False,,False,,False,,0,False,,False,,False,,0,False,,False,,False,,0,False,,False,,False,,0,False,,False,,False,,0,False,,False,,False,,0,False,,False,,False,,0,False,,False,,False,,0,False,,False,,False,,0,False,,False,,False,,0
SRE,sensex,09:16:00,15:25:00,BUY,0,50,0.6,2024-07-05,Friday,1,09:16:00,79780.94,79300CE,514.95,80200PE,536.8,1051.75,525.875,False,,False,,-167.19687499999995,False,,False,,False,,0,False,,False,,False,,0,False,,False,,False,,0,False,,False,,False,,0,False,,False,,False,,0,False,,False,,False,,0,False,,False,,False,,0,False,,False,,False,,0,False,,False,,False,,0,False,,False,,False,,0
SRE,sensex,09:16:00,15:25:00,BUY,0,50,0.6,2024-07-08,Monday,5,09:16:00,79834.77,79900CE,475.25,79900PE,477.15,952.4,476.2,False,,False,,-97.95499999999996,False,,False,,False,,0,False,,False,,False,,0,False,,False,,False,,0,False,,False,,False,,0,False,,False,,False,,0,False,,False,,False,,0,False,,False,,False,,0,False,,False,,False,,0,False,,False,,False,,0,False,,False,,False,,0
SRE,sensex,09:16:00,15:25:00,BUY,0,50,0.6,2024-07-09,Tuesday,4,09:16:00,80140.71,79900CE,527.85,80300PE,516.1,1043.95,521.975,False,,False,,-56.899375000000134,False,,False,,False,,0,False,,False,,False,,0,False,,False,,False,,0,False,,False,,False,,0,False,,False,,False,,0,False,,False,,False,,0,False,,False,,False,,0,False,,False,,False,,0,False,,False,,False,,0,False,,False,,False,,0
SRE,sensex,09:16:00,15:25:00,BUY,0,50,0.6,2024-07-10,Wednesday,3,09:16:00,80265.24,80000CE,509.85,80500PE,484.85,994.7,497.35,False,,False,,-8.433750000000115,False,,False,,False,,0,False,,False,,False,,0,False,,False,,False,,0,False,,False,,False,,0,False,,False,,False,,0,False,,False,,False,,0,False,,False,,False,,0,False,,False,,False,,0,False,,False,,False,,0,False,,False,,False,,0
SRE,sensex,09:16:00,15:25:00,BUY,0,50,0.6,2024-07-11,Thursday,2,09:16:00,80111.24,79700CE,538.65,80500PE,560.65,1099.3,549.65,False,,False,,-119.44124999999994,False,,False,,False,,0,False,,False,,False,,0,False,,False,,False,,0,False,,False,,False,,0,False,,False,,False,,0,False,,False,,False,,0,False,,False,,False,,0,False,,False,,False,,0,False,,False,,False,,0,False,,False,,False,,0
SRE,sensex,09:16:00,15:25:00,BUY,0,50,0.6,2024-07-12,Friday,1,09:16:00,80056.57,79500CE,546.7,80500PE,549.55,1096.25,548.125,False,,False,,-87.30312500000002,False,,False,,False,,0,False,,False,,False,,0,False,,False,,False,,0,False,,False,,False,,0,False,,False,,False,,0,False,,False,,False,,0,False,,False,,False,,0,False,,False,,False,,0,False,,False,,False,,0,False,,False,,False,,0
SRE,sensex,09:16:00,15:25:00,BUY,0,50,0.6,2024-07-15,Monday,5,09:16:00,80717.18,80700CE,503.5,80700PE,497.95,1001.45,500.725,False,,False,,-103.96812500000004,False,,False,,False,,0,False,,False,,False,,0,False,,False,,False,,0,False,,False,,False,,0,False,,False,,False,,0,False,,False,,False,,0,False,,False,,False,,0,False,,False,,False,,0,False,,False,,False,,0,False,,False,,False,,0
SRE,sensex,09:16:00,15:25:00,BUY,0,50,0.6,2024-07-16,Tuesday,4,09:16:00,80806.09,80600CE,533.05,81000PE,540.7,1073.75,536.875,False,,False,,-150.12187500000005,False,,False,,False,,0,False,,False,,False,,0,False,,False,,False,,0,False,,False,,False,,0,False,,False,,False,,0,False,,False,,False,,0,False,,False,,False,,0,False,,False,,False,,0,False,,False,,False,,0,False,,False,,False,,0
SRE,sensex,09:16:00,15:25:00,BUY,0,50,0.6,2024-07-18,Thursday,2,09:16:00,80618.66,80400CE,501.6,80900PE,480.0,981.6,490.8,False,,False,,118.92999999999994,False,,False,,False,,0,False,,False,,False,,0,False,,False,,False,,0,False,,False,,False,,0,False,,False,,False,,0,False,,False,,False,,0,False,,False,,False,,0,False,,False,,False,,0,False,,False,,False,,0,False,,False,,False,,0
SRE,sensex,09:16:00,15:25:00,BUY,0,50,0.6,2024-07-19,Friday,1,09:16:00,81246.0,80800CE,518.7,81600PE,526.7,1045.4,522.7,False,,False,,-66.71750000000009,False,,False,,False,,0,False,,False,,False,,0,False,,False,,False,,0,False,,False,,False,,0,False,,False,,False,,0,False,,False,,False,,0,False,,False,,False,,0,False,,False,,False,,0,False,,False,,False,,0,False,,False,,False,,0
SRE,sensex,09:16:00,15:25:00,BUY,0,50,0.6,2024-07-22,Monday,5,09:16:00,80178.01,81000CE,539.0,79500PE,550.0,1089.0,544.5,False,,False,,-51.81250000000004,False,,False,,False,,0,False,,False,,False,,0,False,,False,,False,,0,False,,False,,False,,0,False,,False,,False,,0,False,,False,,False,,0,False,,False,,False,,0,False,,False,,False,,0,False,,False,,False,,0,False,,False,,False,,0
SRE,sensex,09:16:00,15:25:00,BUY,0,50,0.6,2024-07-23,Tuesday,4,09:16:00,80695.43,81400CE,485.05,80000PE,488.45,973.5,486.75,False,,False,,-555.71875,False,,False,,False,,0,False,,False,,False,,0,False,,False,,False,,0,False,,False,,False,,0,False,,False,,False,,0,False,,False,,False,,0,False,,False,,False,,0,False,,False,,False,,0,False,,False,,False,,0,False,,False,,False,,0
SRE,sensex,09:16:00,15:25:00,BUY,0,50,0.6,2024-07-24,Wednesday,3,09:16:00,80300.34,80100CE,539.5,80500PE,534.1,1073.6,536.8,False,,False,,-214.21999999999994,False,,False,,False,,0,False,,False,,False,,0,False,,False,,False,,0,False,,False,,False,,0,False,,False,,False,,0,False,,False,,False,,0,False,,False,,False,,0,False,,False,,False,,0,False,,False,,False,,0,False,,False,,False,,0
SRE,sensex,09:16:00,15:25:00,BUY,0,50,0.6,2024-07-25,Thursday,2,09:16:00,79541.79,79400CE,462.5,79800PE,452.25,914.75,457.375,False,,False,,-77.23437499999996,False,,False,,False,,0,False,,False,,False,,0,False,,False,,False,,0,False,,False,,False,,0,False,,False,,False,,0,False,,False,,False,,0,False,,False,,False,,0,False,,False,,False,,0,False,,False,,False,,0,False,,False,,False,,0
SRE,sensex,09:16:00,15:25:00,BUY,0,50,0.6,2024-07-26,Friday,1,09:16:00,80146.39,79700CE,502.2,80500PE,469.0,971.2,485.6,False,,False,,644.66,False,,False,,False,,0,False,,False,,False,,0,False,,False,,False,,0,False,,False,,False,,0,False,,False,,False,,0,False,,False,,False,,0,False,,False,,False,,0,False,,False,,False,,0,False,,False,,False,,0,False,,False,,False,,0
SRE,sensex,09:16:00,15:25:00,BUY,0,50,0.6,2024-07-29,Monday,5,09:16:00,81735.23,81700CE,471.35,81700PE,492.65,964.0,482.0,False,,False,,9.35000000000009,False,,False,,False,,0,False,,False,,False,,0,False,,False,,False,,0,False,,False,,False,,0,False,,False,,False,,0,False,,False,,False,,0,False,,False,,False,,0,False,,False,,False,,0,False,,False,,False,,0,False,,False,,False,,0
SRE,sensex,09:16:00,15:25:00,BUY,0,50,0.6,2024-07-30,Tuesday,4,09:16:00,81355.87,81300CE,489.7,81400PE,516.05,1005.75,502.875,False,,False,,-192.62187499999996,False,,False,,False,,0,False,,False,,False,,0,False,,False,,False,,0,False,,False,,False,,0,False,,False,,False,,0,False,,False,,False,,0,False,,False,,False,,0,False,,False,,False,,0,False,,False,,False,,0,False,,False,,False,,0
SRE,sensex,09:16:00,15:25:00,BUY,0,50,0.6,2024-07-31,Wednesday,3,09:16:00,81633.3,81400CE,500.6,81800PE,485.0,985.6,492.8,False,,False,,-5.020000000000046,False,,False,,False,,0,False,,False,,False,,0,False,,False,,False,,0,False,,False,,False,,0,False,,False,,False,,0,False,,False,,False,,0,False,,False,,False,,0,False,,False,,False,,0,False,,False,,False,,0,False,,False,,False,,0
SRE,sensex,09:16:00,15:25:00,BUY,0,50,0.6,2024-08-01,Thursday,2,09:16:00,81994.79,81700CE,494.5,82200PE,483.9,978.4,489.2,False,,False,,-174.98,False,,False,,False,,0,False,,False,,False,,0,False,,False,,False,,0,False,,False,,False,,0,False,,False,,False,,0,False,,False,,False,,0,False,,False,,False,,0,False,,False,,False,,0,False,,False,,False,,0,False,,False,,False,,0
SRE,sensex,09:16:00,15:25:00,BUY,0,50,0.6,2024-08-02,Friday,1,09:16:00,81193.61,80800CE,555.5,81700PE,542.05,1097.55,548.775,False,,False,,-211.869375,False,,False,,False,,0,False,,False,,False,,0,False,,False,,False,,0,False,,False,,False,,0,False,,False,,False,,0,False,,False,,False,,0,False,,False,,False,,0,False,,False,,False,,0,False,,False,,False,,0,False,,False,,False,,0
SRE,sensex,09:16:00,15:25:00,BUY,0,50,0.6,2024-08-05,Monday,5,09:16:00,79614.63,80000CE,537.0,79500PE,620.15,1157.15,578.575,False,,False,,309.3856249999999,False,,False,,False,,0,False,,False,,False,,0,False,,False,,False,,0,False,,False,,False,,0,False,,False,,False,,0,False,,False,,False,,0,False,,False,,False,,0,False,,False,,False,,0,False,,False,,False,,0,False,,False,,False,,0
SRE,sensex,09:16:00,15:25:00,BUY,0,50,0.6,2024-08-06,Tuesday,4,09:16:00,79667.1,80000CE,478.1,79300PE,460.05,938.1500000000001,469.07500000000005,False,,False,,139.02312499999977,False,,False,,False,,0,False,,False,,False,,0,False,,False,,False,,0,False,,False,,False,,0,False,,False,,False,,0,False,,False,,False,,0,False,,False,,False,,0,False,,False,,False,,0,False,,False,,False,,0,False,,False,,False,,0
SRE,sensex,09:16:00,15:25:00,BUY,0,50,0.6,2024-08-07,Wednesday,3,09:16:00,79511.09,79700CE,441.1,79600PE,460.15,901.25,450.625,False,,False,,-93.21562500000005,False,,False,,False,,0,False,,False,,False,,0,False,,False,,False,,0,False,,False,,False,,0,False,,False,,False,,0,False,,False,,False,,0,False,,False,,False,,0,False,,False,,False,,0,False,,False,,False,,0,False,,False,,False,,0
SRE,sensex,09:16:00,15:25:00,BUY,0,50,0.6,2024-08-08,Thursday,2,09:16:00,79248.65,79200CE,481.5,79400PE,463.95,945.45,472.725,False,,False,,-17.568125000000002,False,,False,,False,,0,False,,False,,False,,0,False,,False,,False,,0,False,,False,,False,,0,False,,False,,False,,0,False,,False,,False,,0,False,,False,,False,,0,False,,False,,False,,0,False,,False,,False,,0,False,,False,,False,,0
SRE,sensex,09:16:00,15:25:00,BUY,0,50,0.6,2024-08-09,Friday,1,09:16:00,79675.64,79300CE,513.55,80100PE,510.0,1023.55,511.775,False,,False,,-236.49437499999993,False,,False,,False,,0,False,,False,,False,,0,False,,False,,False,,0,False,,False,,False,,0,False,,False,,False,,0,False,,False,,False,,0,False,,False,,False,,0,False,,False,,False,,0,False,,False,,False,,0,False,,False,,False,,0
SRE,sensex,09:16:00,15:25:00,BUY,0,50,0.6,2024-08-12,Monday,5,09:16:00,79403.53,79700CE,498.7,79200PE,486.7,985.4,492.7,False,,False,,-194.76749999999993,False,,False,,False,,0,False,,False,,False,,0,False,,False,,False,,0,False,,False,,False,,0,False,,False,,False,,0,False,,False,,False,,0,False,,False,,False,,0,False,,False,,False,,0,False,,False,,False,,0,False,,False,,False,,0
SRE,sensex,09:16:00,15:25:00,BUY,0,50,0.6,2024-08-13,Tuesday,4,09:16:00,79543.66,79600CE,471.6,79600PE,479.95,951.55,475.775,False,,False,,21.255624999999977,False,,False,,False,,0,False,,False,,False,,0,False,,False,,False,,0,False,,False,,False,,0,False,,False,,False,,0,False,,False,,False,,0,False,,False,,False,,0,False,,False,,False,,0,False,,False,,False,,0,False,,False,,False,,0
SRE,sensex,09:16:00,15:25:00,BUY,0,50,0.6,2024-08-14,Wednesday,3,09:16:00,79001.63,78900CE,482.3,79200PE,479.35,961.6500000000001,480.82500000000005,False,,False,,-155.7706250000001,False,,False,,False,,0,False,,False,,False,,0,False,,False,,False,,0,False,,False,,False,,0,False,,False,,False,,0,False,,False,,False,,0,False,,False,,False,,0,False,,False,,False,,0,False,,False,,False,,0,False,,False,,False,,0
SRE,sensex,09:16:00,15:25:00,BUY,0,50,0.6,2024-08-16,Friday,1,09:16:00,79730.28,79300CE,506.9,80200PE,493.9,1000.8,500.4,False,,False,,124.44000000000004,False,,False,,False,,0,False,,False,,False,,0,False,,False,,False,,0,False,,False,,False,,0,False,,False,,False,,0,False,,False,,False,,0,False,,False,,False,,0,False,,False,,False,,0,False,,False,,False,,0,False,,False,,False,,0
SRE,sensex,09:16:00,15:25:00,BUY,0,50,0.6,2024-08-19,Monday,5,09:16:00,80685.15,80600CE,531.15,80700PE,533.85,1065.0,532.5,False,,False,,-118.61250000000007,False,,False,,False,,0,False,,False,,False,,0,False,,False,,False,,0,False,,False,,False,,0,False,,False,,False,,0,False,,False,,False,,0,False,,False,,False,,0,False,,False,,False,,0,False,,False,,False,,0,False,,False,,False,,0
SRE,sensex,09:16:00,15:25:00,BUY,0,50,0.6,2024-08-20,Tuesday,4,09:16:00,80652.32,80400CE,522.9,80800PE,529.15,1052.05,526.025,False,,False,,-96.70062499999996,False,,False,,False,,0,False,,False,,False,,0,False,,False,,False,,0,False,,False,,False,,0,False,,False,,False,,0,False,,False,,False,,0,False,,False,,False,,0,False,,False,,False,,0,False,,False,,False,,0,False,,False,,False,,0
SRE,sensex,09:16:00,15:25:00,BUY,0,50,0.6,2024-08-21,Wednesday,3,09:16:00,80742.4,80500CE,509.0,81000PE,500.2,1009.2,504.6,False,,False,,-96.2650000000001,False,,False,,False,,0,False,,False,,False,,0,False,,False,,False,,0,False,,False,,False,,0,False,,False,,False,,0,False,,False,,False,,0,False,,False,,False,,0,False,,False,,False,,0,False,,False,,False,,0,False,,False,,False,,0
SRE,sensex,09:16:00,15:25:00,BUY,0,50,0.6,2024-08-22,Thursday,2,09:16:00,81099.15,80700CE,518.95,81500PE,549.45,1068.4,534.2,False,,False,,-87.60500000000012,False,,False,,False,,0,False,,False,,False,,0,False,,False,,False,,0,False,,False,,False,,0,False,,False,,False,,0,False,,False,,False,,0,False,,False,,False,,0,False,,False,,False,,0,False,,False,,False,,0,False,,False,,False,,0
SRE,sensex,09:16:00,15:25:00,BUY,0,50,0.6,2024-08-23,Friday,1,09:16:00,81000.97,80500CE,529.9,81400PE,502.7,1032.6,516.3,False,,False,,-146.35749999999982,False,,False,,False,,0,False,,False,,False,,0,False,,False,,False,,0,False,,False,,False,,0,False,,False,,False,,0,False,,False,,False,,0,False,,False,,False,,0,False,,False,,False,,0,False,,False,,False,,0,False,,False,,False,,0
SRE,sensex,09:16:00,15:25:00,BUY,0,50,0.6,2024-08-26,Monday,5,09:16:00,81320.14,81200CE,545.05,81500PE,524.9,1069.9499999999998,534.9749999999999,False,,False,,15.625625000000229,False,,False,,False,,0,False,,False,,False,,0,False,,False,,False,,0,False,,False,,False,,0,False,,False,,False,,0,False,,False,,False,,0,False,,False,,False,,0,False,,False,,False,,0,False,,False,,False,,0,False,,False,,False,,0
SRE,sensex,09:16:00,15:25:00,BUY,0,50,0.6,2024-08-27,Tuesday,4,09:16:00,81681.27,81500CE,524.55,82000PE,516.2,1040.75,520.375,False,,False,,-93.40937499999998,False,,False,,False,,0,False,,False,,False,,0,False,,False,,False,,0,False,,False,,False,,0,False,,False,,False,,0,False,,False,,False,,0,False,,False,,False,,0,False,,False,,False,,0,False,,False,,False,,0,False,,False,,False,,0
SRE,sensex,09:16:00,15:25:00,BUY,0,50,0.6,2024-08-28,Wednesday,3,09:16:00,81810.62,81400CE,547.95,82100PE,525.3,1073.25,536.625,False,,False,,-81.915625,False,,False,,False,,0,False,,False,,False,,0,False,,False,,False,,0,False,,False,,False,,0,False,,False,,False,,0,False,,False,,False,,0,False,,False,,False,,0,False,,False,,False,,0,False,,False,,False,,0,False,,False,,False,,0
SRE,sensex,09:16:00,15:25:00,BUY,0,50,0.6,2024-08-29,Thursday,2,09:16:00,81747.86,81300CE,555.8,82200PE,565.05,1120.85,560.425,False,,False,,22.639375000000094,False,,False,,False,,0,False,,False,,False,,0,False,,False,,False,,0,False,,False,,False,,0,False,,False,,False,,0,False,,False,,False,,0,False,,False,,False,,0,False,,False,,False,,0,False,,False,,False,,0,False,,False,,False,,0
SRE,sensex,09:16:00,15:25:00,BUY,0,50,0.6,2024-08-30,Friday,1,09:16:00,82419.82,81900CE,562.0,82900PE,548.2,1110.2,555.1,False,,False,,-124.87750000000011,False,,False,,False,,0,False,,False,,False,,0,False,,False,,False,,0,False,,False,,False,,0,False,,False,,False,,0,False,,False,,False,,0,False,,False,,False,,0,False,,False,,False,,0,False,,False,,False,,0,False,,False,,False,,0
SRE,sensex,09:16:00,15:25:00,BUY,0,50,0.6,2024-09-02,Monday,5,09:16:00,82565.38,82500CE,507.95,82700PE,496.25,1004.2,502.1,False,,False,,-102.4525000000001,False,,False,,False,,0,False,,False,,False,,0,False,,False,,False,,0,False,,False,,False,,0,False,,False,,False,,0,False,,False,,False,,0,False,,False,,False,,0,False,,False,,False,,0,False,,False,,False,,0,False,,False,,False,,0
SRE,sensex,09:16:00,15:25:00,BUY,0,50,0.6,2024-09-03,Tuesday,4,09:16:00,82523.01,82300CE,496.35,82700PE,498.9,995.25,497.625,False,,False,,-84.940625,False,,False,,False,,0,False,,False,,False,,0,False,,False,,False,,0,False,,False,,False,,0,False,,False,,False,,0,False,,False,,False,,0,False,,False,,False,,0,False,,False,,False,,0,False,,False,,False,,0,False,,False,,False,,0
SRE,sensex,09:16:00,15:25:00,BUY,0,50,0.6,2024-09-04,Wednesday,3,09:16:00,82008.41,81800CE,530.0,82400PE,507.35,1037.35,518.675,False,,False,,-27.06687499999991,False,,False,,False,,0,False,,False,,False,,0,False,,False,,False,,0,False,,False,,False,,0,False,,False,,False,,0,False,,False,,False,,0,False,,False,,False,,0,False,,False,,False,,0,False,,False,,False,,0,False,,False,,False,,0
SRE,sensex,09:16:00,15:25:00,BUY,0,50,0.6,2024-09-05,Thursday,2,09:16:00,82504.25,82100CE,495.45,82900PE,522.2,1017.6500000000001,508.82500000000005,False,,False,,-50.070625000000135,False,,False,,False,,0,False,,False,,False,,0,False,,False,,False,,0,False,,False,,False,,0,False,,False,,False,,0,False,,False,,False,,0,False,,False,,False,,0,False,,False,,False,,0,False,,False,,False,,0,False,,False,,False,,0
SRE,sensex,09:16:00,15:25:00,BUY,0,50,0.6,2024-09-06,Friday,1,09:16:00,82007.72,81600CE,492.0,82500PE,483.3,975.3,487.65,False,,False,,329.60875000000016,False,,False,,False,,0,False,,False,,False,,0,False,,False,,False,,0,False,,False,,False,,0,False,,False,,False,,0,False,,False,,False,,0,False,,False,,False,,0,False,,False,,False,,0,False,,False,,False,,0,False,,False,,False,,0
SRE,sensex,09:16:00,15:25:00,BUY,0,50,0.6,2024-09-09,Monday,5,09:16:00,81053.99,81100CE,505.0,81000PE,494.85,999.85,499.925,False,,False,,-107.44812500000005,False,,False,,False,,0,False,,False,,False,,0,False,,False,,False,,0,False,,False,,False,,0,False,,False,,False,,0,False,,False,,False,,0,False,,False,,False,,0,False,,False,,False,,0,False,,False,,False,,0,False,,False,,False,,0
SRE,sensex,09:16:00,15:25:00,BUY,0,50,0.6,2024-09-10,Tuesday,4,09:16:00,81756.47,81500CE,502.05,82000PE,498.55,1000.6,500.3,False,,False,,-56.0075,False,,False,,False,,0,False,,False,,False,,0,False,,False,,False,,0,False,,False,,False,,0,False,,False,,False,,0,False,,False,,False,,0,False,,False,,False,,0,False,,False,,False,,0,False,,False,,False,,0,False,,False,,False,,0
SRE,sensex,09:16:00,15:25:00,BUY,0,50,0.6,2024-09-11,Wednesday,3,09:16:00,81871.33,81500CE,504.2,82200PE,530.65,1034.85,517.425,False,,False,,73.314375,False,,False,,False,,0,False,,False,,False,,0,False,,False,,False,,0,False,,False,,False,,0,False,,False,,False,,0,False,,False,,False,,0,False,,False,,False,,0,False,,False,,False,,0,False,,False,,False,,0,False,,False,,False,,0
SRE,sensex,09:16:00,15:25:00,BUY,0,50,0.6,2024-09-12,Thursday,2,09:16:00,81863.75,81500CE,471.0,82200PE,499.15,970.15,485.075,False,,False,,374.273125,False,,False,,False,,0,False,,False,,False,,0,False,,False,,False,,0,False,,False,,False,,0,False,,False,,False,,0,False,,False,,False,,0,False,,False,,False,,0,False,,False,,False,,0,False,,False,,False,,0,False,,False,,False,,0
SRE,sensex,09:16:00,15:25:00,BUY,0,50,0.6,2024-09-13,Friday,1,09:16:00,82874.44,82400CE,510.2,83200PE,476.35,986.55,493.275,False,,False,,-198.1818749999999,False,,False,,False,,0,False,,False,,False,,0,False,,False,,False,,0,False,,False,,False,,0,False,,False,,False,,0,False,,False,,False,,0,False,,False,,False,,0,False,,False,,False,,0,False,,False,,False,,0,False,,False,,False,,0
SRE,sensex,09:16:00,15:25:00,BUY,0,50,0.6,2024-09-16,Monday,5,09:16:00,83049.51,82900CE,509.25,83100PE,516.4,1025.65,512.825,False,,False,,-77.77062500000005,False,,False,,False,,0,False,,False,,False,,0,False,,False,,False,,0,False,,False,,False,,0,False,,False,,False,,0,False,,False,,False,,0,False,,False,,False,,0,False,,False,,False,,0,False,,False,,False,,0,False,,False,,False,,0
SRE,sensex,09:16:00,15:25:00,BUY,0,50,0.6,2024-09-17,Tuesday,4,09:16:00,82916.23,82800CE,525.35,83200PE,531.7,1057.0500000000002,528.5250000000001,False,,False,,-28.213125000000232,False,,False,,False,,0,False,,False,,False,,0,False,,False,,False,,0,False,,False,,False,,0,False,,False,,False,,0,False,,False,,False,,0,False,,False,,False,,0,False,,False,,False,,0,False,,False,,False,,0,False,,False,,False,,0
SRE,sensex,09:16:00,15:25:00,BUY,0,50,0.6,2024-09-18,Wednesday,3,09:16:00,82985.48,82800CE,500.0,83200PE,501.5,1001.5,500.75,False,,False,,169.98125,False,,False,,False,,0,False,,False,,False,,0,False,,False,,False,,0,False,,False,,False,,0,False,,False,,False,,0,False,,False,,False,,0,False,,False,,False,,0,False,,False,,False,,0,False,,False,,False,,0,False,,False,,False,,0
SRE,sensex,09:16:00,15:25:00,BUY,0,50,0.6,2024-09-19,Thursday,2,09:16:00,83524.21,83200CE,493.4,83800PE,515.35,1008.75,504.375,False,,False,,-155.30937500000005,False,,False,,False,,0,False,,False,,False,,0,False,,False,,False,,0,False,,False,,False,,0,False,,False,,False,,0,False,,False,,False,,0,False,,False,,False,,0,False,,False,,False,,0,False,,False,,False,,0,False,,False,,False,,0
SRE,sensex,09:16:00,15:25:00,BUY,0,50,0.6,2024-09-20,Friday,1,09:16:00,83478.13,83100CE,517.4,83900PE,481.75,999.15,499.575,False,,False,,429.0106250000001,False,,False,,False,,0,False,,False,,False,,0,False,,False,,False,,0,False,,False,,False,,0,False,,False,,False,,0,False,,False,,False,,0,False,,False,,False,,0,False,,False,,False,,0,False,,False,,False,,0,False,,False,,False,,0
SRE,sensex,09:16:00,15:25:00,BUY,0,50,0.6,2024-09-23,Monday,5,09:16:00,84835.19,84800CE,487.15,84500PE,472.95,960.0999999999999,480.04999999999995,False,,False,,-119.65124999999986,False,,False,,False,,0,False,,False,,False,,0,False,,False,,False,,0,False,,False,,False,,0,False,,False,,False,,0,False,,False,,False,,0,False,,False,,False,,0,False,,False,,False,,0,False,,False,,False,,0,False,,False,,False,,0
SRE,sensex,09:16:00,15:25:00,BUY,0,50,0.6,2024-09-24,Tuesday,4,09:16:00,84820.86,84700CE,529.1,84900PE,524.1,1053.2,526.6,False,,False,,-113.01500000000003,False,,False,,False,,0,False,,False,,False,,0,False,,False,,False,,0,False,,False,,False,,0,False,,False,,False,,0,False,,False,,False,,0,False,,False,,False,,0,False,,False,,False,,0,False,,False,,False,,0,False,,False,,False,,0
SRE,sensex,09:16:00,15:25:00,BUY,0,50,0.6,2024-09-25,Wednesday,3,09:16:00,84809.18,84600CE,548.8,85100PE,530.15,1078.9499999999998,539.4749999999999,False,,False,,-84.63687499999986,False,,False,,False,,0,False,,False,,False,,0,False,,False,,False,,0,False,,False,,False,,0,False,,False,,False,,0,False,,False,,False,,0,False,,False,,False,,0,False,,False,,False,,0,False,,False,,False,,0,False,,False,,False,,0
SRE,sensex,09:16:00,15:25:00,BUY,0,50,0.6,2024-09-26,Thursday,2,09:16:00,85214.62,84800CE,580.9,85600PE,570.1,1151.0,575.5,False,,False,,32.962500000000134,False,,False,,False,,0,False,,False,,False,,0,False,,False,,False,,0,False,,False,,False,,0,False,,False,,False,,0,False,,False,,False,,0,False,,False,,False,,0,False,,False,,False,,0,False,,False,,False,,0,False,,False,,False,,0
SRE,sensex,09:16:00,15:25:00,BUY,0,50,0.6,2024-09-27,Friday,1,09:16:00,85852.19,85400CE,535.5,86300PE,505.85,1041.35,520.675,False,,False,,-155.91687499999998,False,,False,,False,,0,False,,False,,False,,0,False,,False,,False,,0,False,,False,,False,,0,False,,False,,False,,0,False,,False,,False,,0,False,,False,,False,,0,False,,False,,False,,0,False,,False,,False,,0,False,,False,,False,,0
SRE,sensex,09:16:00,15:25:00,BUY,0,50,0.6,2024-09-30,Monday,5,09:16:00,85201.7,85200CE,541.5,85500PE,540.0,1081.5,540.75,False,,False,,269.5812500000001,False,,False,,False,,0,False,,False,,False,,0,False,,False,,False,,0,False,,False,,False,,0,False,,False,,False,,0,False,,False,,False,,0,False,,False,,False,,0,False,,False,,False,,0,False,,False,,False,,0,False,,False,,False,,0
SRE,sensex,09:16:00,15:25:00,BUY,0,50,0.6,2024-10-01,Tuesday,4,09:16:00,84613.67,84600CE,481.9,84800PE,481.0,962.9,481.45,False,,False,,-123.93624999999997,False,,False,,False,,0,False,,False,,False,,0,False,,False,,False,,0,False,,False,,False,,0,False,,False,,False,,0,False,,False,,False,,0,False,,False,,False,,0,False,,False,,False,,0,False,,False,,False,,0,False,,False,,False,,0
SRE,sensex,09:16:00,15:25:00,BUY,0,50,0.6,2024-10-03,Thursday,2,09:16:00,83475.49,83400CE,526.1,83800PE,534.75,1060.85,530.425,False,,False,,189.6393750000001,False,,False,,False,,0,False,,False,,False,,0,False,,False,,False,,0,False,,False,,False,,0,False,,False,,False,,0,False,,False,,False,,0,False,,False,,False,,0,False,,False,,False,,0,False,,False,,False,,0,False,,False,,False,,0
SRE,sensex,09:16:00,15:25:00,BUY,0,50,0.6,2024-10-04,Friday,1,09:16:00,82305.5,82000CE,499.65,82700PE,488.8,988.45,494.225,False,,False,,5.294374999999976,False,,False,,False,,0,False,,False,,False,,0,False,,False,,False,,0,False,,False,,False,,0,False,,False,,False,,0,False,,False,,False,,0,False,,False,,False,,0,False,,False,,False,,0,False,,False,,False,,0,False,,False,,False,,0
SRE,sensex,09:16:00,15:25:00,BUY,0,50,0.6,2024-10-07,Monday,5,09:16:00,82134.24,82500CE,512.35,82000PE,510.3,1022.6500000000001,511.32500000000005,False,,False,,235.966875,False,,False,,False,,0,False,,False,,False,,0,False,,False,,False,,0,False,,False,,False,,0,False,,False,,False,,0,False,,False,,False,,0,False,,False,,False,,0,False,,False,,False,,0,False,,False,,False,,0,False,,False,,False,,0
SRE,sensex,09:16:00,15:25:00,BUY,0,50,0.6,2024-10-08,Tuesday,4,09:16:00,81044.84,81600CE,508.8,80700PE,493.3,1002.1,501.05,False,,False,,-177.47625000000005,False,,False,,False,,0,False,,False,,False,,0,False,,False,,False,,0,False,,False,,False,,0,False,,False,,False,,0,False,,False,,False,,0,False,,False,,False,,0,False,,False,,False,,0,False,,False,,False,,0,False,,False,,False,,0
SRE,sensex,09:16:00,15:25:00,BUY,0,50,0.6,2024-10-09,Wednesday,3,09:16:00,81831.16,81800CE,526.0,81800PE,508.35,1034.35,517.175,False,,False,,-142.07937499999986,False,,False,,False,,0,False,,False,,False,,0,False,,False,,False,,0,False,,False,,False,,0,False,,False,,False,,0,False,,False,,False,,0,False,,False,,False,,0,False,,False,,False,,0,False,,False,,False,,0,False,,False,,False,,0
SRE,sensex,09:16:00,15:25:00,BUY,0,50,0.6,2024-10-10,Thursday,2,09:16:00,81745.15,81600CE,506.35,82000PE,535.85,1042.2,521.1,False,,False,,-188.07750000000007,False,,False,,False,,0,False,,False,,False,,0,False,,False,,False,,0,False,,False,,False,,0,False,,False,,False,,0,False,,False,,False,,0,False,,False,,False,,0,False,,False,,False,,0,False,,False,,False,,0,False,,False,,False,,0
SRE,sensex,09:16:00,15:25:00,BUY,0,50,0.6,2024-10-11,Friday,1,09:16:00,81473.16,81100CE,494.35,81900PE,531.1,1025.45,512.725,False,,False,,-238.01812500000005,False,,False,,False,,0,False,,False,,False,,0,False,,False,,False,,0,False,,False,,False,,0,False,,False,,False,,0,False,,False,,False,,0,False,,False,,False,,0,False,,False,,False,,0,False,,False,,False,,0,False,,False,,False,,0
SRE,sensex,09:16:00,15:25:00,BUY,0,50,0.6,2024-10-14,Monday,5,09:16:00,81698.67,81700CE,514.85,81800PE,493.5,1008.35,504.175,False,,False,,-39.00437499999998,False,,False,,False,,0,False,,False,,False,,0,False,,False,,False,,0,False,,False,,False,,0,False,,False,,False,,0,False,,False,,False,,0,False,,False,,False,,0,False,,False,,False,,0,False,,False,,False,,0,False,,False,,False,,0
SRE,sensex,09:16:00,15:25:00,BUY,0,50,0.6,2024-10-15,Tuesday,4,09:16:00,82207.05,82000CE,541.25,82600PE,567.3,1108.55,554.275,False,,False,,76.54312500000009,False,,False,,False,,0,False,,False,,False,,0,False,,False,,False,,0,False,,False,,False,,0,False,,False,,False,,0,False,,False,,False,,0,False,,False,,False,,0,False,,False,,False,,0,False,,False,,False,,0,False,,False,,False,,0
SRE,sensex,09:16:00,15:25:00,BUY,0,50,0.6,2024-10-16,Wednesday,3,09:16:00,81668.39,81400CE,539.0,82000PE,541.05,1080.05,540.025,False,,False,,-73.20062499999993,False,,False,,False,,0,False,,False,,False,,0,False,,False,,False,,0,False,,False,,False,,0,False,,False,,False,,0,False,,False,,False,,0,False,,False,,False,,0,False,,False,,False,,0,False,,False,,False,,0,False,,False,,False,,0
SRE,sensex,09:16:00,15:25:00,BUY,0,50,0.6,2024-10-17,Thursday,2,09:16:00,81647.89,81300CE,543.6,82100PE,570.85,1114.45,557.225,False,,False,,56.51937499999982,False,,False,,False,,0,False,,False,,False,,0,False,,False,,False,,0,False,,False,,False,,0,False,,False,,False,,0,False,,False,,False,,0,False,,False,,False,,0,False,,False,,False,,0,False,,False,,False,,0,False,,False,,False,,0
SRE,sensex,09:16:00,15:25:00,BUY,0,50,0.6,2024-10-18,Friday,1,09:16:00,80636.76,80300CE,483.2,81100PE,496.75,979.95,489.975,False,,False,,-54.949375000000046,False,,False,,False,,0,False,,False,,False,,0,False,,False,,False,,0,False,,False,,False,,0,False,,False,,False,,0,False,,False,,False,,0,False,,False,,False,,0,False,,False,,False,,0,False,,False,,False,,0,False,,False,,False,,0
SRE,sensex,09:16:00,15:25:00,BUY,0,50,0.6,2024-10-21,Monday,5,09:16:00,81736.88,81600CE,516.0,81900PE,524.35,1040.35,520.175,False,,False,,202.89562500000008,False,,False,,False,,0,False,,False,,False,,0,False,,False,,False,,0,False,,False,,False,,0,False,,False,,False,,0,False,,False,,False,,0,False,,False,,False,,0,False,,False,,False,,0,False,,False,,False,,0,False,,False,,False,,0
SRE,sensex,09:16:00,15:25:00,BUY,0,50,0.6,2024-10-22,Tuesday,4,09:16:00,81243.05,81100CE,486.55,81300PE,485.5,972.05,486.025,False,,False,,319.849375,False,,False,,False,,0,False,,False,,False,,0,False,,False,,False,,0,False,,False,,False,,0,False,,False,,False,,0,False,,False,,False,,0,False,,False,,False,,0,False,,False,,False,,0,False,,False,,False,,0,False,,False,,False,,0
SRE,sensex,09:16:00,15:25:00,BUY,0,50,0.6,2024-10-23,Wednesday,3,09:16:00,80197.99,80200CE,517.8,80300PE,480.75,998.55,499.275,False,,False,,-196.03187499999996,False,,False,,False,,0,False,,False,,False,,0,False,,False,,False,,0,False,,False,,False,,0,False,,False,,False,,0,False,,False,,False,,0,False,,False,,False,,0,False,,False,,False,,0,False,,False,,False,,0,False,,False,,False,,0
SRE,sensex,09:16:00,15:25:00,BUY,0,50,0.6,2024-10-24,Thursday,2,09:16:00,80203.34,80000CE,491.8,80500PE,498.2,990.0,495.0,False,,False,,-237.17499999999995,False,,False,,False,,0,False,,False,,False,,0,False,,False,,False,,0,False,,False,,False,,0,False,,False,,False,,0,False,,False,,False,,0,False,,False,,False,,0,False,,False,,False,,0,False,,False,,False,,0,False,,False,,False,,0
SRE,sensex,09:16:00,15:25:00,BUY,0,50,0.6,2024-10-25,Friday,1,09:16:00,80044.46,79600CE,560.75,80600PE,593.85,1154.6,577.3,False,,False,,30.867500000000184,False,,False,,False,,0,False,,False,,False,,0,False,,False,,False,,0,False,,False,,False,,0,False,,False,,False,,0,False,,False,,False,,0,False,,False,,False,,0,False,,False,,False,,0,False,,False,,False,,0,False,,False,,False,,0
SRE,sensex,09:16:00,15:25:00,BUY,0,50,0.6,2024-10-28,Monday,4,09:16:00,79748.53,79800CE,454.5,79800PE,476.35,930.85,465.425,False,,False,,-128.03562499999998,False,,False,,False,,0,False,,False,,False,,0,False,,False,,False,,0,False,,False,,False,,0,False,,False,,False,,0,False,,False,,False,,0,False,,False,,False,,0,False,,False,,False,,0,False,,False,,False,,0,False,,False,,False,,0
SRE,sensex,09:16:00,15:25:00,BUY,0,50,0.6,2024-10-29,Tuesday,3,09:16:00,79764.52,79800CE,457.75,80100PE,472.15,929.9,464.95,False,,False,,-22.37375,False,,False,,False,,0,False,,False,,False,,0,False,,False,,False,,0,False,,False,,False,,0,False,,False,,False,,0,False,,False,,False,,0,False,,False,,False,,0,False,,False,,False,,0,False,,False,,False,,0,False,,False,,False,,0
SRE,sensex,09:16:00,15:25:00,BUY,0,50,0.6,2024-10-30,Wednesday,2,09:16:00,80038.9,79900CE,500.7,80500PE,521.85,1022.55,511.275,False,,False,,-150.031875,False,,False,,False,,0,False,,False,,False,,0,False,,False,,False,,0,False,,False,,False,,0,False,,False,,False,,0,False,,False,,False,,0,False,,False,,False,,0,False,,False,,False,,0,False,,False,,False,,0,False,,False,,False,,0
SRE,sensex,09:16:00,15:25:00,BUY,0,50,0.6,2024-10-31,Thursday,1,09:16:00,79833.38,79500CE,441.35,80200PE,468.8,910.1500000000001,455.07500000000005,False,,False,,-109.72687500000002,False,,False,,False,,0,False,,False,,False,,0,False,,False,,False,,0,False,,False,,False,,0,False,,False,,False,,0,False,,False,,False,,0,False,,False,,False,,0,False,,False,,False,,0,False,,False,,False,,0,False,,False,,False,,0
