P_Strategy,P_Index,P_StartTime,P_EndTime,P_OrderSide,P_SL,P_IntraSL,P_OM,Date,day,dte,EntryTime,Future,CE.Price,PE.Price,SL,IntraSL,STD0.Scrip,STD0.Open,STD0.SL.Flag,STD0.SL.Time,STD0.INTRA_SL.Flag,STD0.INTRA_SL.Time,STD0.PNL,STD1.Scrip,STD1.Open,STD1.SL.Flag,STD1.SL.Time,STD1.INTRA_SL.Flag,STD1.INTRA_SL.Time,STD1.PNL,STD2.Scrip,STD2.Open,STD2.SL.Flag,STD2.SL.Time,STD2.INTRA_SL.Flag,STD2.INTRA_SL.Time,STD2.PNL,STD3.Scrip,STD3.Open,STD3.SL.Flag,STD3.SL.Time,STD3.INTRA_SL.Flag,STD3.INTRA_SL.Time,STD3.PNL,STD4.Scrip,STD4.Open,STD4.SL.Flag,STD4.SL.Time,STD4.INTRA_SL.Flag,STD4.INTRA_SL.Time,STD4.PNL,STD5.Scrip,STD5.Open,STD5.SL.Flag,STD5.SL.Time,STD5.INTRA_SL.Flag,STD5.INTRA_SL.Time,STD5.PNL,STD6.Scrip,STD6.Open,STD6.SL.Flag,STD6.SL.Time,STD6.INTRA_SL.Flag,STD6.INTRA_SL.Time,STD6.PNL,STD7.Scrip,STD7.Open,STD7.SL.Flag,STD7.SL.Time,STD7.INTRA_SL.Flag,STD7.INTRA_SL.Time,STD7.PNL,STD8.Scrip,STD8.Open
SRE,banknifty,09:16:00,15:25:00,BUY,5,14,0.3,2017-01-06,Friday,7,09:16:00,18209.9,54.75,57.0,106.1625,96.105,"('18400CE', '17900PE')",111.75,True,2017-01-06 14:31:00,False,,-7.2,"('18500CE', '18000PE')",96.7,True,2017-01-06 14:48:00,False,,-6.06,"('18500CE', '18000PE')",91.85,False,,False,,-3.65,,,False,,False,,0.0,,,False,,False,,0.0,,,False,,False,,0.0,,,False,,False,,0.0,,,False,,False,,0.0,,
SRE,banknifty,09:16:00,15:25:00,BUY,5,14,0.3,2017-01-09,Monday,4,09:16:00,18309.2,69.85,46.0,110.05749999999999,99.631,"('18400CE', '18000PE')",115.85,True,2017-01-09 09:19:00,False,,-7.9,"('18400CE', '18100PE')",133.6,True,2017-01-09 09:57:00,False,,-9.62,"('18500CE', '18100PE')",92.55,True,2017-01-09 13:24:00,False,,-6.01,"('18400CE', '18100PE')",116.55000000000001,True,2017-01-09 15:08:00,False,,-7.56,"('18400CE', '18100PE')",110.45,False,,False,,2.87,,,False,,False,,0.0,,,False,,False,,0.0,,,False,,False,,0.0,,
SRE,banknifty,09:16:00,15:25:00,BUY,5,14,0.3,2017-01-10,Tuesday,3,09:16:00,18387.0,49.0,50.6,94.61999999999999,85.65599999999999,"('18500CE', '18200PE')",99.6,True,2017-01-10 09:19:00,False,,-8.5,"('18500CE', '18200PE')",92.35,True,2017-01-10 09:26:00,False,,-6.65,"('18500CE', '18300PE')",115.45,True,2017-01-10 12:33:00,False,,-7.89,"('18400CE', '18200PE')",109.25,True,2017-01-10 14:31:00,False,,-7.32,"('18400CE', '18300PE')",134.45,True,2017-01-10 15:21:00,False,,-8.88,,,True,2017-01-10 15:21:00,False,,-8.88,,,True,2017-01-10 15:21:00,False,,-8.88,,,True,2017-01-10 15:21:00,False,,-8.88,,
SRE,banknifty,09:16:00,15:25:00,BUY,5,14,0.3,2017-01-11,Wednesday,2,09:16:00,18539.6,69.2,33.7,97.755,88.494,"('18500CE', '18400PE')",102.9,False,,False,,189.26,,,False,,False,,0.0,,,False,,False,,0.0,,,False,,False,,0.0,,,False,,False,,0.0,,,False,,False,,0.0,,,False,,False,,0.0,,,False,,False,,0.0,,
SRE,banknifty,09:16:00,15:25:00,BUY,5,14,0.3,2017-01-12,Thursday,1,09:16:00,18873.15,72.85,31.8,99.41749999999999,89.999,"('18800CE', '18800PE')",104.64999999999999,True,2017-01-12 09:58:00,False,,-8.51,"('18800CE', '18800PE')",97.44999999999999,True,2017-01-12 10:09:00,False,,-7.97,"('18800CE', '18800PE')",90.7,True,2017-01-12 10:11:00,False,,-6.38,"('18900CE', '18900PE')",110.10000000000001,True,2017-01-12 10:15:00,False,,-9.18,"('18900CE', '18900PE')",102.3,True,2017-01-12 10:25:00,False,,-8.48,"('18900CE', '18900PE')",95.1,True,2017-01-12 10:49:00,False,,-8.19,"('18800CE', '18800PE')",91.85,True,2017-01-12 11:07:00,False,,-7.75,"('18800CE', '18900PE')",132.14999999999998,True,2017-01-12 12:02:00,False,,-8.35,"('18800CE', '18900PE')",125.44999999999999
SRE,banknifty,09:16:00,15:25:00,BUY,5,14,0.3,2017-01-13,Friday,7,09:16:00,18937.95,53.4,48.8,97.08999999999999,87.892,"('19200CE', '18600PE')",102.19999999999999,True,2017-01-13 09:17:00,False,,-7.13,"('19200CE', '18600PE')",96.35,True,2017-01-13 09:50:00,False,,-6.05,"('19100CE', '18600PE')",111.80000000000001,True,2017-01-13 10:06:00,False,,-7.55,"('19000CE', '18600PE')",129.5,False,,False,,-0.82,,,False,,False,,0.0,,,False,,False,,0.0,,,False,,False,,0.0,,,False,,False,,0.0,,
SRE,banknifty,09:16:00,15:25:00,BUY,5,14,0.3,2017-01-16,Monday,4,09:16:00,18898.0,70.85,46.05,111.05499999999999,100.53399999999999,"('19000CE', '18600PE')",116.89999999999999,False,,False,,77.84,,,False,,False,,0.0,,,False,,False,,0.0,,,False,,False,,0.0,,,False,,False,,0.0,,,False,,False,,0.0,,,False,,False,,0.0,,,False,,False,,0.0,,
SRE,banknifty,09:16:00,15:25:00,BUY,5,14,0.3,2017-01-17,Tuesday,3,09:16:00,19167.0,53.05,59.65,107.06499999999998,96.92199999999998,"('19300CE', '19000PE')",112.69999999999999,True,2017-01-17 10:32:00,False,,-7.61,"('19300CE', '19000PE')",106.5,True,2017-01-17 13:02:00,False,,-7.08,"('19200CE', '18900PE')",95.35,True,2017-01-17 14:38:00,False,,-6.14,"('19200CE', '18900PE')",90.4,False,,False,,3.82,,,False,,False,,0.0,,,False,,False,,0.0,,,False,,False,,0.0,,,False,,False,,0.0,,
SRE,banknifty,09:16:00,15:25:00,BUY,5,14,0.3,2017-01-18,Wednesday,2,09:16:00,19169.95,66.65,68.0,127.9175,115.799,"('19200CE', '19100PE')",134.65,False,,True,2017-01-18 12:10:00,-20.53,"('19300CE', '19200PE')",113.75,True,2017-01-18 14:41:00,False,,-9.52,"('19200CE', '19100PE')",94.94999999999999,False,,False,,-3.64,,,False,,False,,0.0,,,False,,False,,0.0,,,False,,False,,0.0,,,False,,False,,0.0,,,False,,False,,0.0,,
SRE,banknifty,09:16:00,15:25:00,BUY,5,14,0.3,2017-01-19,Thursday,1,09:16:00,19145.25,70.05,44.4,108.72749999999998,98.42699999999999,"('19100CE', '19100PE')",114.44999999999999,True,2017-01-19 09:17:00,False,,-10.88,"('19100CE', '19100PE')",105.0,True,2017-01-19 09:33:00,False,,-8.16,"('19100CE', '19100PE')",98.15,True,2017-01-19 10:01:00,False,,-6.68,"('19100CE', '19100PE')",92.69999999999999,True,2017-01-19 10:15:00,False,,-6.76,"('19000CE', '19000PE')",109.35,True,2017-01-19 14:15:00,False,,-7.22,"('19100CE', '19200PE')",113.85,True,2017-01-19 14:18:00,False,,-8.17,"('19100CE', '19200PE')",107.1,True,2017-01-19 14:32:00,False,,-7.44,"('19100CE', '19200PE')",101.0,True,2017-01-19 14:37:00,False,,-6.56,"('19100CE', '19200PE')",95.69999999999999
SRE,banknifty,09:16:00,15:25:00,BUY,5,14,0.3,2017-01-20,Friday,6,09:16:00,19056.0,51.2,52.7,98.705,89.354,"('19300CE', '18800PE')",103.9,True,2017-01-20 09:29:00,False,,-7.0,"('19300CE', '18800PE')",98.2,True,2017-01-20 09:54:00,False,,-6.18,"('19300CE', '18800PE')",93.25,True,2017-01-20 11:59:00,False,,-6.02,"('19200CE', '18800PE')",113.75,False,,False,,21.28,,,False,,False,,0.0,,,False,,False,,0.0,,,False,,False,,0.0,,,False,,False,,0.0,,
SRE,banknifty,09:16:00,15:25:00,BUY,5,14,0.3,2017-01-23,Monday,3,09:16:00,18795.05,43.8,57.05,95.80749999999999,86.731,"('19000CE', '18600PE')",100.85,True,2017-01-23 09:23:00,False,,-6.56,"('18900CE', '18600PE')",120.5,True,2017-01-23 09:27:00,False,,-8.51,"('18900CE', '18600PE')",113.5,True,2017-01-23 11:57:00,False,,-8.52,"('19000CE', '18700PE')",95.44999999999999,True,2017-01-23 12:16:00,False,,-6.14,"('19000CE', '18700PE')",90.5,True,2017-01-23 13:07:00,False,,-6.68,"('18900CE', '18700PE')",111.35,True,2017-01-23 14:00:00,False,,-7.19,"('18900CE', '18700PE')",105.55,False,,False,,15.13,,,False,,False,,0.0,,
SRE,banknifty,09:16:00,15:25:00,BUY,5,14,0.3,2017-01-24,Tuesday,2,09:16:00,18992.1,78.2,43.65,115.7575,104.791,"('19000CE', '18900PE')",121.85,True,2017-01-24 09:29:00,False,,-8.07,"('19100CE', '19000PE')",114.55,True,2017-01-24 10:20:00,False,,-7.53,"('19100CE', '19000PE')",108.45,True,2017-01-24 12:00:00,False,,-7.71,"('19000CE', '18900PE')",103.55,True,2017-01-24 12:52:00,False,,-7.59,"('19000CE', '18900PE')",97.25,True,2017-01-24 12:54:00,False,,-6.52,"('19000CE', '18900PE')",91.95,False,,False,,2.45,,,False,,False,,0.0,,,False,,False,,0.0,,
SRE,banknifty,09:16:00,15:25:00,BUY,5,14,0.3,2017-01-25,Wednesday,1,09:16:00,19147.0,24.05,71.9,91.1525,82.517,"('19200CE', '19200PE')",95.95,True,2017-01-25 09:27:00,False,,-7.1,"('19100CE', '19200PE')",133.85000000000002,True,2017-01-25 11:06:00,False,,-9.67,"('19100CE', '19200PE')",125.85,False,,False,,229.73,,,False,,False,,0.0,,,False,,False,,0.0,,,False,,False,,0.0,,,False,,False,,0.0,,,False,,False,,0.0,,
SRE,banknifty,09:16:00,15:25:00,BUY,5,14,0.3,2017-01-27,Friday,7,09:16:00,19620.95,50.0,47.1,92.24499999999999,83.506,"('20100CE', '19000PE')",97.1,False,,False,,55.14,,,False,,False,,0.0,,,False,,False,,0.0,,,False,,False,,0.0,,,False,,False,,0.0,,,False,,False,,0.0,,,False,,False,,0.0,,,False,,False,,0.0,,
SRE,banknifty,09:16:00,15:25:00,BUY,5,14,0.3,2017-01-30,Monday,4,09:16:00,19728.1,45.8,46.8,87.96999999999998,79.636,"('20400CE', '19000PE')",92.6,False,,False,,-4.36,,,False,,False,,0.0,,,False,,False,,0.0,,,False,,False,,0.0,,,False,,False,,0.0,,,False,,False,,0.0,,,False,,False,,0.0,,,False,,False,,0.0,,
SRE,banknifty,09:16:00,15:25:00,BUY,5,14,0.3,2017-01-31,Tuesday,3,09:16:00,19599.95,49.6,54.6,98.99,89.612,"('20300CE', '19000PE')",104.2,True,2017-01-31 09:53:00,False,,-6.8,"('20200CE', '18900PE')",96.4,True,2017-01-31 14:47:00,False,,-6.91,"('20200CE', '19000PE')",103.05,True,2017-01-31 14:58:00,False,,-6.74,"('20200CE', '19000PE')",97.6,True,2017-01-31 15:15:00,False,,-6.22,"('20100CE', '19000PE')",107.05000000000001,False,,False,,0.01,,,False,,False,,0.0,,,False,,False,,0.0,,,False,,False,,0.0,,
SRE,banknifty,09:16:00,15:25:00,BUY,5,14,0.3,2017-02-01,Wednesday,2,09:16:00,19612.85,52.05,49.15,96.13999999999999,87.03199999999998,"('20100CE', '19000PE')",101.19999999999999,True,2017-02-01 12:34:00,False,,-6.96,"('20100CE', '19000PE')",95.5,True,2017-02-01 12:37:00,False,,-5.99,"('20100CE', '19100PE')",105.05000000000001,True,2017-02-01 12:38:00,False,,-6.96,"('20100CE', '19100PE')",99.4,True,2017-02-01 12:41:00,False,,-6.99,"('20100CE', '19100PE')",93.65,True,2017-02-01 12:44:00,False,,-8.52,"('20000CE', '19200PE')",119.4,True,2017-02-01 12:45:00,False,,-13.39,"('19900CE', '19200PE')",126.6,True,2017-02-01 12:47:00,False,,-11.83,"('19900CE', '19200PE')",116.35,True,2017-02-01 12:52:00,False,,-11.7,"('19900CE', '19200PE')",106.1
SRE,banknifty,09:16:00,15:25:00,BUY,5,14,0.3,2017-02-02,Thursday,1,09:16:00,20082.0,88.0,57.55,138.2725,125.173,"('20000CE', '20000PE')",145.55,True,2017-02-02 09:24:00,False,,-10.47,"('20000CE', '20000PE')",136.89999999999998,True,2017-02-02 09:32:00,False,,-9.01,"('20000CE', '20000PE')",129.6,True,2017-02-02 09:38:00,False,,-11.72,"('19900CE', '20000PE')",173.05,True,2017-02-02 11:18:00,False,,-14.16,"('19900CE', '20000PE')",161.05,True,2017-02-02 11:34:00,False,,-10.16,"('19900CE', '19900PE')",104.35,True,2017-02-02 11:37:00,False,,-8.65,"('19900CE', '19900PE')",97.0,False,,False,,47.74,,,False,,False,,0.0,,
SRE,banknifty,09:16:00,15:25:00,BUY,5,14,0.3,2017-02-03,Friday,7,09:16:00,20082.3,62.8,64.0,120.46,109.048,"('20400CE', '19700PE')",126.8,True,2017-02-03 11:40:00,False,,-8.13,"('20400CE', '19800PE')",142.0,True,2017-02-03 14:42:00,False,,-11.28,"('20400CE', '19900PE')",155.55,False,,False,,-6.64,,,False,,False,,0.0,,,False,,False,,0.0,,,False,,False,,0.0,,,False,,False,,0.0,,,False,,False,,0.0,,
SRE,banknifty,09:16:00,15:25:00,BUY,5,14,0.3,2017-02-06,Monday,4,09:16:00,20390.0,65.3,67.9,126.53999999999998,114.55199999999999,"('20600CE', '20100PE')",133.2,False,,False,,-1.16,,,False,,False,,0.0,,,False,,False,,0.0,,,False,,False,,0.0,,,False,,False,,0.0,,,False,,False,,0.0,,,False,,False,,0.0,,,False,,False,,0.0,,
SRE,banknifty,09:16:00,15:25:00,BUY,5,14,0.3,2017-02-07,Tuesday,3,09:16:00,20397.75,69.55,64.35,127.20499999999997,115.15399999999998,"('20600CE', '20100PE')",133.89999999999998,True,2017-02-07 09:40:00,False,,-8.77,"('20500CE', '20100PE')",151.10000000000002,True,2017-02-07 14:50:00,False,,-9.89,"('20500CE', '20100PE')",143.1,False,,False,,-5.79,,,False,,False,,0.0,,,False,,False,,0.0,,,False,,False,,0.0,,,False,,False,,0.0,,,False,,False,,0.0,,
SRE,banknifty,09:16:00,15:25:00,BUY,5,14,0.3,2017-02-08,Wednesday,2,09:16:00,20380.0,83.2,83.55,158.4125,143.405,"('20500CE', '20200PE')",166.75,False,,True,2017-02-08 14:29:00,-25.43,"('20300CE', '20100PE')",170.8,True,2017-02-08 14:30:00,False,,-13.44,"('20300CE', '20000PE')",129.75,True,2017-02-08 14:31:00,False,,-17.82,"('20300CE', '20100PE')",137.9,True,2017-02-08 14:36:00,False,,-11.47,"('20200CE', '20000PE')",121.69999999999999,True,2017-02-08 14:52:00,False,,-7.87,"('20200CE', '20200PE')",171.55,True,2017-02-08 15:00:00,False,,-12.34,"('20200CE', '20200PE')",161.35000000000002,False,,False,,26.88,,,False,,False,,0.0,,
SRE,banknifty,09:16:00,15:25:00,BUY,5,14,0.3,2017-02-09,Thursday,1,09:16:00,20416.95,52.05,75.95,121.6,110.08,"('20400CE', '20400PE')",128.0,True,2017-02-09 09:17:00,False,,-9.6,"('20400CE', '20400PE')",120.0,True,2017-02-09 09:20:00,False,,-8.55,"('20400CE', '20500PE')",172.7,False,,False,,160.24,,,False,,False,,0.0,,,False,,False,,0.0,,,False,,False,,0.0,,,False,,False,,0.0,,,False,,False,,0.0,,
SRE,banknifty,09:16:00,15:25:00,BUY,5,14,0.3,2017-02-10,Friday,7,09:16:00,20305.8,73.4,65.35,131.8125,119.325,"('20500CE', '20000PE')",138.75,True,2017-02-10 09:19:00,False,,-9.63,"('20500CE', '20000PE')",130.85,True,2017-02-10 12:59:00,False,,-9.19,"('20500CE', '20100PE')",146.2,True,2017-02-10 13:54:00,False,,-9.63,"('20400CE', '20100PE')",166.14999999999998,False,,False,,-4.08,,,False,,False,,0.0,,,False,,False,,0.0,,,False,,False,,0.0,,,False,,False,,0.0,,
SRE,banknifty,09:16:00,15:25:00,BUY,5,14,0.3,2017-02-13,Monday,4,09:16:00,20337.1,63.0,62.1,118.84499999999998,107.586,"('20500CE', '20100PE')",125.1,True,2017-02-13 09:37:00,False,,-9.06,"('20400CE', '20100PE')",145.15,True,2017-02-13 10:27:00,False,,-9.36,"('20400CE', '20100PE')",137.6,True,2017-02-13 13:57:00,False,,-9.12,"('20300CE', '20100PE')",159.2,True,2017-02-13 14:36:00,False,,-10.29,"('20300CE', '20100PE')",150.9,False,,False,,8.01,,,False,,False,,0.0,,,False,,False,,0.0,,,False,,False,,0.0,,
SRE,banknifty,09:16:00,15:25:00,BUY,5,14,0.3,2017-02-14,Tuesday,3,09:16:00,20274.95,55.05,66.0,114.99749999999999,104.103,"('20400CE', '20100PE')",121.05,True,2017-02-14 09:30:00,False,,-8.31,"('20300CE', '20100PE')",145.8,True,2017-02-14 12:06:00,False,,-9.77,"('20300CE', '20100PE')",137.85000000000002,True,2017-02-14 13:36:00,False,,-8.72,"('20300CE', '20100PE')",130.85,True,2017-02-14 15:10:00,False,,-9.84,"('20300CE', '20200PE')",151.95,False,,False,,-0.75,,,False,,False,,0.0,,,False,,False,,0.0,,,False,,False,,0.0,,
SRE,banknifty,09:16:00,15:25:00,BUY,5,14,0.3,2017-02-15,Wednesday,2,09:16:00,20344.45,56.4,83.95,133.33249999999998,120.701,"('20400CE', '20300PE')",140.35,True,2017-02-15 09:38:00,False,,-10.3,"('20400CE', '20300PE')",131.8,False,,False,,19.3,,,False,,False,,0.0,,,False,,False,,0.0,,,False,,False,,0.0,,,False,,False,,0.0,,,False,,False,,0.0,,,False,,False,,0.0,,
SRE,banknifty,09:16:00,15:25:00,BUY,5,14,0.3,2017-02-16,Thursday,1,09:16:00,20230.0,63.3,112.6,167.10499999999996,151.27399999999997,"('20200CE', '20300PE')",175.89999999999998,True,2017-02-16 11:03:00,False,,-16.9,"('20100CE', '20200PE')",160.15,True,2017-02-16 13:08:00,False,,-15.55,"('20200CE', '20300PE')",130.7,True,2017-02-16 13:18:00,False,,-8.28,"('20200CE', '20300PE')",124.05,True,2017-02-16 13:43:00,False,,-7.95,"('20300CE', '20400PE')",148.5,True,2017-02-16 13:48:00,False,,-11.11,"('20300CE', '20400PE')",139.25,True,2017-02-16 13:58:00,False,,-12.74,"('20200CE', '20300PE')",120.55,True,2017-02-16 14:08:00,False,,-7.96,"('20300CE', '20400PE')",133.65,True,2017-02-16 14:14:00,False,,-8.52,"('20300CE', '20400PE')",126.8
SRE,banknifty,09:16:00,15:25:00,BUY,5,14,0.3,2017-02-17,Friday,7,09:18:00,20564.4,65.15,72.35,130.625,118.25,"('20800CE', '20300PE')",137.5,True,2017-02-17 09:42:00,False,,-9.87,"('20800CE', '20300PE')",129.35000000000002,True,2017-02-17 13:49:00,False,,-9.57,"('20700CE', '20300PE')",147.35,False,,False,,-8.44,,,False,,False,,0.0,,,False,,False,,0.0,,,False,,False,,0.0,,,False,,False,,0.0,,,False,,False,,0.0,,
SRE,banknifty,09:16:00,15:25:00,BUY,5,14,0.3,2017-02-20,Monday,4,09:16:00,20525.0,65.55,59.0,118.32249999999999,107.113,"('20700CE', '20300PE')",124.55,True,2017-02-20 09:30:00,False,,-7.86,"('20700CE', '20400PE')",146.85,True,2017-02-20 10:21:00,False,,-9.29,"('20700CE', '20400PE')",139.4,True,2017-02-20 13:14:00,False,,-8.79,"('20700CE', '20500PE')",164.1,True,2017-02-20 14:35:00,False,,-10.35,"('20700CE', '20500PE')",155.8,False,,False,,1.6,,,False,,False,,0.0,,,False,,False,,0.0,,,False,,False,,0.0,,
SRE,banknifty,09:16:00,15:25:00,BUY,5,14,0.3,2017-02-21,Tuesday,3,09:16:00,20645.0,84.55,90.45,166.25,150.5,"('20700CE', '20600PE')",175.0,True,2017-02-21 10:51:00,False,,-11.94,"('20700CE', '20500PE')",128.7,False,,False,,63.74,,,False,,False,,0.0,,,False,,False,,0.0,,,False,,False,,0.0,,,False,,False,,0.0,,,False,,False,,0.0,,,False,,False,,0.0,,
SRE,banknifty,09:16:00,15:25:00,BUY,5,14,0.3,2017-02-22,Wednesday,2,09:16:00,20870.25,71.8,57.55,122.8825,111.241,"('20900CE', '20800PE')",129.35,True,2017-02-22 13:40:00,False,,-8.97,"('20900CE', '20900PE')",164.05,True,2017-02-22 14:55:00,False,,-10.6,"('20900CE', '20900PE')",155.5,False,,False,,-5.34,,,False,,False,,0.0,,,False,,False,,0.0,,,False,,False,,0.0,,,False,,False,,0.0,,,False,,False,,0.0,,
SRE,banknifty,09:16:00,15:25:00,BUY,5,14,0.3,2017-02-23,Thursday,1,09:16:00,20874.0,51.9,77.95,123.35749999999999,111.67099999999999,"('20900CE', '20900PE')",129.85,True,2017-02-23 10:52:00,False,,-9.22,"('20900CE', '20900PE')",122.25,True,2017-02-23 11:31:00,False,,-7.73,"('20900CE', '21000PE')",176.75,True,2017-02-23 12:37:00,False,,-16.71,"('20900CE', '21000PE')",162.25,True,2017-02-23 13:14:00,False,,-10.28,"('21000CE', '21100PE')",147.0,True,2017-02-23 13:56:00,False,,-11.69,"('21000CE', '21100PE')",137.15,False,,False,,73.24,,,False,,False,,0.0,,,False,,False,,0.0,,
SRE,banknifty,09:16:00,15:25:00,BUY,5,14,0.3,2017-02-27,Monday,4,09:16:00,20827.85,66.1,69.0,128.345,116.18599999999999,"('21000CE', '20600PE')",135.1,True,2017-02-27 09:26:00,False,,-8.69,"('21000CE', '20600PE')",128.1,False,,False,,1.15,,,False,,False,,0.0,,,False,,False,,0.0,,,False,,False,,0.0,,,False,,False,,0.0,,,False,,False,,0.0,,,False,,False,,0.0,,
SRE,banknifty,09:16:00,15:25:00,BUY,5,14,0.3,2017-02-28,Tuesday,3,09:16:00,20679.95,58.3,63.65,115.85249999999998,104.877,"('20800CE', '20500PE')",121.94999999999999,True,2017-02-28 09:39:00,False,,-7.92,"('20700CE', '20500PE')",147.45,True,2017-02-28 10:38:00,False,,-10.29,"('20700CE', '20600PE')",169.75,True,2017-02-28 14:51:00,False,,-11.17,"('20700CE', '20600PE')",160.7,False,,False,,-3.11,,,False,,False,,0.0,,,False,,False,,0.0,,,False,,False,,0.0,,,False,,False,,0.0,,
SRE,banknifty,09:16:00,15:25:00,BUY,5,14,0.3,2017-03-01,Wednesday,2,09:16:00,20760.0,57.25,77.3,127.8225,115.71300000000001,"('20800CE', '20700PE')",134.55,True,2017-03-01 09:26:00,False,,-9.78,"('20800CE', '20700PE')",126.44999999999999,True,2017-03-01 11:20:00,False,,-9.03,"('20800CE', '20800PE')",156.05,True,2017-03-01 13:20:00,False,,-10.05,"('20800CE', '20800PE')",147.95,True,2017-03-01 14:30:00,False,,-12.1,"('20800CE', '20800PE')",137.7,True,2017-03-01 15:20:00,False,,-11.62,,,True,2017-03-01 15:20:00,False,,-11.62,,,True,2017-03-01 15:20:00,False,,-11.62,,,True,2017-03-01 15:20:00,False,,-11.62,,
SRE,banknifty,09:16:00,15:25:00,BUY,5,14,0.3,2017-03-02,Thursday,1,09:16:00,20925.0,103.1,63.3,158.07999999999998,143.10399999999998,"('20800CE', '20900PE')",166.39999999999998,True,2017-03-02 09:31:00,False,,-11.63,"('20800CE', '20900PE')",156.85000000000002,True,2017-03-02 10:04:00,False,,-10.26,"('20800CE', '20900PE')",148.55,True,2017-03-02 11:09:00,False,,-9.61,"('20800CE', '20900PE')",140.8,True,2017-03-02 11:43:00,False,,-8.96,"('20800CE', '20900PE')",133.6,False,,False,,186.78,,,False,,False,,0.0,,,False,,False,,0.0,,,False,,False,,0.0,,
SRE,banknifty,09:16:00,15:25:00,BUY,5,14,0.3,2017-03-03,Friday,7,09:16:00,20548.95,80.0,80.4,152.38,137.94400000000002,"('20700CE', '20300PE')",160.4,True,2017-03-03 09:29:00,False,,-10.06,"('20700CE', '20400PE')",179.35,True,2017-03-03 13:17:00,False,,-11.69,"('20700CE', '20300PE')",139.55,False,,False,,-4.24,,,False,,False,,0.0,,,False,,False,,0.0,,,False,,False,,0.0,,,False,,False,,0.0,,,False,,False,,0.0,,
SRE,banknifty,09:16:00,15:25:00,BUY,5,14,0.3,2017-03-06,Monday,4,09:16:00,20630.0,83.6,91.8,166.62999999999997,150.84399999999997,"('20700CE', '20500PE')",175.39999999999998,True,2017-03-06 09:23:00,False,,-12.99,"('20800CE', '20500PE')",129.3,True,2017-03-06 14:25:00,False,,-9.27,"('20800CE', '20500PE')",121.65,False,,False,,-4.77,,,False,,False,,0.0,,,False,,False,,0.0,,,False,,False,,0.0,,,False,,False,,0.0,,,False,,False,,0.0,,
SRE,banknifty,09:16:00,15:25:00,BUY,5,14,0.3,2017-03-07,Tuesday,3,09:16:00,20739.05,66.15,67.4,126.8725,114.85300000000001,"('20800CE', '20600PE')",133.55,True,2017-03-07 12:56:00,False,,-8.47,"('20700CE', '20600PE')",160.4,True,2017-03-07 15:25:00,False,,-11.66,,,True,2017-03-07 15:25:00,False,,-11.66,,,True,2017-03-07 15:25:00,False,,-11.66,,,True,2017-03-07 15:25:00,False,,-11.66,,,True,2017-03-07 15:25:00,False,,-11.66,,,True,2017-03-07 15:25:00,False,,-11.66,,,True,2017-03-07 15:25:00,False,,-11.66,,
SRE,banknifty,09:16:00,15:25:00,BUY,5,14,0.3,2017-03-08,Wednesday,2,09:16:00,20718.0,75.35,57.65,126.35,114.38,"('20700CE', '20600PE')",133.0,True,2017-03-08 12:40:00,False,,-10.16,"('20600CE', '20600PE')",163.05,False,,False,,1.36,,,False,,False,,0.0,,,False,,False,,0.0,,,False,,False,,0.0,,,False,,False,,0.0,,,False,,False,,0.0,,,False,,False,,0.0,,
SRE,banknifty,09:16:00,15:25:00,BUY,5,14,0.3,2017-03-09,Thursday,1,09:16:00,20698.7,82.9,87.0,161.405,146.114,"('20600CE', '20700PE')",169.9,True,2017-03-09 12:17:00,False,,-11.72,"('20600CE', '20700PE')",160.3,True,2017-03-09 12:26:00,False,,-10.15,"('20600CE', '20700PE')",152.15,True,2017-03-09 13:34:00,False,,-10.9,"('20600CE', '20700PE')",143.14999999999998,True,2017-03-09 13:50:00,False,,-9.39,"('20600CE', '20700PE')",135.55,True,2017-03-09 14:09:00,False,,-10.94,"('20600CE', '20700PE')",126.3,True,2017-03-09 15:12:00,False,,-10.73,,,True,2017-03-09 15:12:00,False,,-10.73,,,True,2017-03-09 15:12:00,False,,-10.73,,
SRE,banknifty,09:16:00,15:25:00,BUY,5,14,0.3,2017-03-10,Friday,7,09:16:00,20896.2,68.1,59.65,121.3625,109.865,"('21300CE', '20300PE')",127.75,True,2017-03-10 09:20:00,False,,-8.25,"('21300CE', '20400PE')",140.0,True,2017-03-10 09:34:00,False,,-9.15,"('21300CE', '20400PE')",132.60000000000002,True,2017-03-10 10:00:00,False,,-8.46,"('21200CE', '20400PE')",145.95,False,,False,,9.78,,,False,,False,,0.0,,,False,,False,,0.0,,,False,,False,,0.0,,,False,,False,,0.0,,
SRE,banknifty,09:16:00,15:25:00,BUY,5,14,0.3,2017-03-14,Tuesday,3,09:16:00,21167.75,111.0,56.35,158.9825,143.921,"('21200CE', '20900PE')",167.35,True,2017-03-14 09:17:00,False,,-12.59,"('21300CE', '21000PE')",146.45,True,2017-03-14 09:53:00,False,,-10.83,"('21200CE', '21000PE')",167.45,True,2017-03-14 10:16:00,False,,-10.54,"('21200CE', '21000PE')",159.0,True,2017-03-14 12:46:00,False,,-10.24,"('21200CE', '21000PE')",150.75,True,2017-03-14 14:06:00,False,,-11.08,"('21200CE', '21100PE')",177.10000000000002,True,2017-03-14 15:09:00,False,,-11.26,"('21200CE', '21000PE')",130.35,False,,False,,-1.73,,,False,,False,,0.0,,
SRE,banknifty,09:16:00,15:25:00,BUY,5,14,0.3,2017-03-15,Wednesday,2,09:16:00,21130.0,88.6,60.3,141.45499999999998,128.05399999999997,"('21100CE', '21000PE')",148.89999999999998,True,2017-03-15 09:36:00,False,,-9.46,"('21100CE', '21000PE')",141.3,False,,False,,12.88,,,False,,False,,0.0,,,False,,False,,0.0,,,False,,False,,0.0,,,False,,False,,0.0,,,False,,False,,0.0,,,False,,False,,0.0,,
SRE,banknifty,09:16:00,15:25:00,BUY,5,14,0.3,2017-03-16,Thursday,1,09:16:00,21324.8,97.95,73.8,163.1625,147.70499999999998,"('21200CE', '21300PE')",171.75,True,2017-03-16 09:28:00,False,,-12.15,"('21200CE', '21300PE')",161.75,True,2017-03-16 09:50:00,False,,-11.27,"('21200CE', '21300PE')",152.5,True,2017-03-16 10:45:00,False,,-9.61,"('21200CE', '21300PE')",144.8,True,2017-03-16 12:03:00,False,,-10.46,"('21200CE', '21300PE')",136.15,True,2017-03-16 12:57:00,False,,-8.75,"('21200CE', '21300PE')",129.10000000000002,True,2017-03-16 13:24:00,False,,-8.26,"('21200CE', '21300PE')",122.44999999999999,True,2017-03-16 13:49:00,False,,-7.83,"('21100CE', '21200PE')",145.85,True,2017-03-16 14:32:00,False,,-11.72,"('21100CE', '21200PE')",135.95
SRE,banknifty,09:16:00,15:25:00,BUY,5,14,0.3,2017-03-17,Friday,7,09:16:00,21290.8,85.8,76.95,154.61249999999998,139.965,"('21400CE', '21100PE')",162.75,True,2017-03-17 09:25:00,False,,-11.08,"('21400CE', '21100PE')",153.7,True,2017-03-17 09:49:00,False,,-10.22,"('21400CE', '21100PE')",145.4,True,2017-03-17 10:32:00,False,,-9.32,"('21300CE', '21100PE')",169.35,False,,False,,-8.72,,,False,,False,,0.0,,,False,,False,,0.0,,,False,,False,,0.0,,,False,,False,,0.0,,
SRE,banknifty,09:16:00,15:25:00,BUY,5,14,0.3,2017-03-20,Monday,4,09:16:00,21201.1,58.35,83.0,134.2825,121.56099999999999,"('21300CE', '21100PE')",141.35,True,2017-03-20 09:41:00,False,,-9.97,"('21200CE', '21100PE')",165.15,True,2017-03-20 12:04:00,False,,-10.81,"('21200CE', '21100PE')",156.4,True,2017-03-20 14:27:00,False,,-10.41,"('21200CE', '21100PE')",147.95,False,,False,,-4.7,,,False,,False,,0.0,,,False,,False,,0.0,,,False,,False,,0.0,,,False,,False,,0.0,,
SRE,banknifty,09:16:00,15:25:00,BUY,5,14,0.3,2017-03-21,Tuesday,3,09:16:00,21184.95,63.65,63.1,120.4125,109.005,"('21200CE', '21100PE')",126.75,True,2017-03-21 09:30:00,False,,-7.93,"('21200CE', '21100PE')",120.4,False,,False,,0.14,,,False,,False,,0.0,,,False,,False,,0.0,,,False,,False,,0.0,,,False,,False,,0.0,,,False,,False,,0.0,,,False,,False,,0.0,,
SRE,banknifty,09:16:00,15:25:00,BUY,5,14,0.3,2017-03-22,Wednesday,2,09:16:00,20935.0,73.2,76.0,141.73999999999998,128.31199999999998,"('20900CE', '20900PE')",149.2,True,2017-03-22 09:27:00,False,,-10.62,"('20900CE', '20900PE')",140.45,True,2017-03-22 12:40:00,False,,-10.71,"('20900CE', '20900PE')",131.5,True,2017-03-22 13:39:00,False,,-8.39,"('20900CE', '20900PE')",124.75,False,,False,,15.24,,,False,,False,,0.0,,,False,,False,,0.0,,,False,,False,,0.0,,,False,,False,,0.0,,
SRE,banknifty,09:16:00,15:25:00,BUY,5,14,0.3,2017-03-23,Thursday,1,09:16:00,20881.1,63.95,79.65,136.42000000000002,123.49600000000002,"('20800CE', '20900PE')",143.60000000000002,True,2017-03-23 09:42:00,False,,-9.0,"('20800CE', '20900PE')",136.4,True,2017-03-23 10:50:00,False,,-8.66,"('20800CE', '20900PE')",129.45,True,2017-03-23 11:55:00,False,,-8.32,"('20800CE', '20900PE')",122.75,True,2017-03-23 13:30:00,False,,-9.13,"('20700CE', '20800PE')",132.75,False,,False,,53.64,,,False,,False,,0.0,,,False,,False,,0.0,,,False,,False,,0.0,,
SRE,banknifty,09:16:00,15:25:00,BUY,5,14,0.3,2017-03-24,Friday,7,09:16:00,20978.35,72.45,61.6,127.34750000000001,115.283,"('21100CE', '20800PE')",134.05,False,,False,,49.57,,,False,,False,,0.0,,,False,,False,,0.0,,,False,,False,,0.0,,,False,,False,,0.0,,,False,,False,,0.0,,,False,,False,,0.0,,,False,,False,,0.0,,
SRE,banknifty,09:16:00,15:25:00,BUY,5,14,0.3,2017-03-27,Monday,4,09:16:00,21104.1,79.35,80.1,151.4775,137.12699999999998,"('21200CE', '21000PE')",159.45,True,2017-03-27 13:18:00,False,,-10.54,"('21200CE', '21000PE')",150.89999999999998,False,,False,,-5.99,,,False,,False,,0.0,,,False,,False,,0.0,,,False,,False,,0.0,,,False,,False,,0.0,,,False,,False,,0.0,,,False,,False,,0.0,,
SRE,banknifty,09:16:00,15:25:00,BUY,5,14,0.3,2017-03-28,Tuesday,3,09:16:00,21208.0,61.0,59.3,114.285,103.458,"('21300CE', '21100PE')",120.3,True,2017-03-28 09:45:00,False,,-7.95,"('21200CE', '21100PE')",155.0,False,,False,,-1.84,,,False,,False,,0.0,,,False,,False,,0.0,,,False,,False,,0.0,,,False,,False,,0.0,,,False,,False,,0.0,,,False,,False,,0.0,,
SRE,banknifty,09:16:00,15:25:00,BUY,5,14,0.3,2017-03-29,Wednesday,2,09:16:00,21273.0,62.8,93.95,148.9125,134.805,"('21300CE', '21300PE')",156.75,True,2017-03-29 10:57:00,False,,-10.41,"('21300CE', '21300PE')",148.3,False,,False,,12.15,,,False,,False,,0.0,,,False,,False,,0.0,,,False,,False,,0.0,,,False,,False,,0.0,,,False,,False,,0.0,,,False,,False,,0.0,,
SRE,banknifty,09:16:00,15:25:00,BUY,5,14,0.3,2017-03-30,Thursday,1,09:16:00,21398.0,110.65,50.0,152.6175,138.159,"('21300CE', '21400PE')",160.65,True,2017-03-30 14:48:00,False,,-13.96,"('21300CE', '21400PE')",148.70000000000002,False,,False,,158.44,,,False,,False,,0.0,,,False,,False,,0.0,,,False,,False,,0.0,,,False,,False,,0.0,,,False,,False,,0.0,,,False,,False,,0.0,,
SRE,banknifty,09:16:00,15:25:00,BUY,5,14,0.3,2017-03-31,Friday,7,09:16:00,21511.45,94.3,79.0,164.635,149.038,"('21600CE', '21300PE')",173.3,True,2017-03-31 14:56:00,False,,-11.77,"('21700CE', '21300PE')",132.2,False,,False,,1.05,,,False,,False,,0.0,,,False,,False,,0.0,,,False,,False,,0.0,,,False,,False,,0.0,,,False,,False,,0.0,,,False,,False,,0.0,,
