Date,Day,BANKNIFTY,NIFTY,FINNIFTY,MIDCPNIFTY,SENSEX,BANKEX
02-01-2017,Monday,4,,,,,
03-01-2017,Tuesday,3,,,,,
04-01-2017,Wednesday,2,,,,,
05-01-2017,Thursday,1,,,,,
06-01-2017,Friday,5,,,,,
09-01-2017,Monday,4,,,,,
10-01-2017,Tuesday,3,,,,,
11-01-2017,Wednesday,2,,,,,
12-01-2017,Thursday,1,,,,,
13-01-2017,Friday,5,,,,,
16-01-2017,Monday,4,,,,,
17-01-2017,Tuesday,3,,,,,
18-01-2017,Wednesday,2,,,,,
19-01-2017,Thursday,1,,,,,
20-01-2017,Friday,4,,,,,
23-01-2017,Monday,3,,,,,
24-01-2017,Tuesday,2,,,,,
25-01-2017,Wednesday,1,,,,,
27-01-2017,Friday,5,,,,,
30-01-2017,Monday,4,,,,,
31-01-2017,Tuesday,3,,,,,
01-02-2017,Wednesday,2,,,,,
02-02-2017,Thursday,1,,,,,
03-02-2017,Friday,5,,,,,
06-02-2017,Monday,4,,,,,
07-02-2017,Tuesday,3,,,,,
08-02-2017,Wednesday,2,,,,,
09-02-2017,Thursday,1,,,,,
10-02-2017,Friday,5,,,,,
13-02-2017,Monday,4,,,,,
14-02-2017,Tuesday,3,,,,,
15-02-2017,Wednesday,2,,,,,
16-02-2017,Thursday,1,,,,,
17-02-2017,Friday,5,,,,,
20-02-2017,Monday,4,,,,,
21-02-2017,Tuesday,3,,,,,
22-02-2017,Wednesday,2,,,,,
23-02-2017,Thursday,1,,,,,
27-02-2017,Monday,4,,,,,
28-02-2017,Tuesday,3,,,,,
01-03-2017,Wednesday,2,,,,,
02-03-2017,Thursday,1,,,,,
03-03-2017,Friday,5,,,,,
06-03-2017,Monday,4,,,,,
07-03-2017,Tuesday,3,,,,,
08-03-2017,Wednesday,2,,,,,
09-03-2017,Thursday,1,,,,,
10-03-2017,Friday,4,,,,,
14-03-2017,Tuesday,3,,,,,
15-03-2017,Wednesday,2,,,,,
16-03-2017,Thursday,1,,,,,
17-03-2017,Friday,5,,,,,
20-03-2017,Monday,4,,,,,
21-03-2017,Tuesday,3,,,,,
22-03-2017,Wednesday,2,,,,,
23-03-2017,Thursday,1,,,,,
24-03-2017,Friday,5,,,,,
27-03-2017,Monday,4,,,,,
28-03-2017,Tuesday,3,,,,,
29-03-2017,Wednesday,2,,,,,
30-03-2017,Thursday,1,,,,,
31-03-2017,Friday,4,,,,,
03-04-2017,Monday,3,,,,,
05-04-2017,Wednesday,2,,,,,
06-04-2017,Thursday,1,,,,,
07-04-2017,Friday,5,,,,,
10-04-2017,Monday,4,,,,,
11-04-2017,Tuesday,3,,,,,
12-04-2017,Wednesday,2,,,,,
13-04-2017,Thursday,1,,,,,
17-04-2017,Monday,4,,,,,
18-04-2017,Tuesday,3,,,,,
19-04-2017,Wednesday,2,,,,,
20-04-2017,Thursday,1,,,,,
21-04-2017,Friday,5,,,,,
24-04-2017,Monday,4,,,,,
25-04-2017,Tuesday,3,,,,,
26-04-2017,Wednesday,2,,,,,
27-04-2017,Thursday,1,,,,,
28-04-2017,Friday,4,,,,,
02-05-2017,Tuesday,3,,,,,
03-05-2017,Wednesday,2,,,,,
04-05-2017,Thursday,1,,,,,
05-05-2017,Friday,5,,,,,
08-05-2017,Monday,4,,,,,
09-05-2017,Tuesday,3,,,,,
10-05-2017,Wednesday,2,,,,,
11-05-2017,Thursday,1,,,,,
12-05-2017,Friday,5,,,,,
15-05-2017,Monday,4,,,,,
16-05-2017,Tuesday,3,,,,,
17-05-2017,Wednesday,2,,,,,
18-05-2017,Thursday,1,,,,,
19-05-2017,Friday,5,,,,,
22-05-2017,Monday,4,,,,,
23-05-2017,Tuesday,3,,,,,
24-05-2017,Wednesday,2,,,,,
25-05-2017,Thursday,1,,,,,
26-05-2017,Friday,5,,,,,
29-05-2017,Monday,4,,,,,
30-05-2017,Tuesday,3,,,,,
31-05-2017,Wednesday,2,,,,,
01-06-2017,Thursday,1,,,,,
02-06-2017,Friday,5,,,,,
05-06-2017,Monday,4,,,,,
06-06-2017,Tuesday,3,,,,,
07-06-2017,Wednesday,2,,,,,
08-06-2017,Thursday,1,,,,,
09-06-2017,Friday,5,,,,,
12-06-2017,Monday,4,,,,,
13-06-2017,Tuesday,3,,,,,
14-06-2017,Wednesday,2,,,,,
15-06-2017,Thursday,1,,,,,
16-06-2017,Friday,5,,,,,
19-06-2017,Monday,4,,,,,
20-06-2017,Tuesday,3,,,,,
21-06-2017,Wednesday,2,,,,,
22-06-2017,Thursday,1,,,,,
23-06-2017,Friday,4,,,,,
27-06-2017,Tuesday,3,,,,,
28-06-2017,Wednesday,2,,,,,
29-06-2017,Thursday,1,,,,,
30-06-2017,Friday,5,,,,,
03-07-2017,Monday,4,,,,,
04-07-2017,Tuesday,3,,,,,
05-07-2017,Wednesday,2,,,,,
06-07-2017,Thursday,1,,,,,
07-07-2017,Friday,5,,,,,
10-07-2017,Monday,4,,,,,
11-07-2017,Tuesday,3,,,,,
12-07-2017,Wednesday,2,,,,,
13-07-2017,Thursday,1,,,,,
14-07-2017,Friday,5,,,,,
17-07-2017,Monday,4,,,,,
18-07-2017,Tuesday,3,,,,,
19-07-2017,Wednesday,2,,,,,
20-07-2017,Thursday,1,,,,,
21-07-2017,Friday,5,,,,,
24-07-2017,Monday,4,,,,,
25-07-2017,Tuesday,3,,,,,
26-07-2017,Wednesday,2,,,,,
27-07-2017,Thursday,1,,,,,
28-07-2017,Friday,5,,,,,
31-07-2017,Monday,4,,,,,
01-08-2017,Tuesday,3,,,,,
02-08-2017,Wednesday,2,,,,,
03-08-2017,Thursday,1,,,,,
04-08-2017,Friday,5,,,,,
07-08-2017,Monday,4,,,,,
08-08-2017,Tuesday,3,,,,,
09-08-2017,Wednesday,2,,,,,
10-08-2017,Thursday,1,,,,,
11-08-2017,Friday,4,,,,,
14-08-2017,Monday,3,,,,,
16-08-2017,Wednesday,2,,,,,
17-08-2017,Thursday,1,,,,,
18-08-2017,Friday,5,,,,,
21-08-2017,Monday,4,,,,,
22-08-2017,Tuesday,3,,,,,
23-08-2017,Wednesday,2,,,,,
24-08-2017,Thursday,1,,,,,
28-08-2017,Monday,4,,,,,
29-08-2017,Tuesday,3,,,,,
30-08-2017,Wednesday,2,,,,,
31-08-2017,Thursday,1,,,,,
01-09-2017,Friday,5,,,,,
04-09-2017,Monday,4,,,,,
05-09-2017,Tuesday,3,,,,,
06-09-2017,Wednesday,2,,,,,
07-09-2017,Thursday,1,,,,,
08-09-2017,Friday,5,,,,,
11-09-2017,Monday,4,,,,,
12-09-2017,Tuesday,3,,,,,
13-09-2017,Wednesday,2,,,,,
14-09-2017,Thursday,1,,,,,
15-09-2017,Friday,5,,,,,
18-09-2017,Monday,4,,,,,
19-09-2017,Tuesday,3,,,,,
20-09-2017,Wednesday,2,,,,,
21-09-2017,Thursday,1,,,,,
22-09-2017,Friday,5,,,,,
25-09-2017,Monday,4,,,,,
26-09-2017,Tuesday,3,,,,,
27-09-2017,Wednesday,2,,,,,
28-09-2017,Thursday,1,,,,,
29-09-2017,Friday,4,,,,,
03-10-2017,Tuesday,3,,,,,
04-10-2017,Wednesday,2,,,,,
05-10-2017,Thursday,1,,,,,
06-10-2017,Friday,5,,,,,
09-10-2017,Monday,4,,,,,
10-10-2017,Tuesday,3,,,,,
11-10-2017,Wednesday,2,,,,,
12-10-2017,Thursday,1,,,,,
13-10-2017,Friday,4,,,,,
16-10-2017,Monday,3,,,,,
17-10-2017,Tuesday,2,,,,,
18-10-2017,Wednesday,1,,,,,
23-10-2017,Monday,4,,,,,
24-10-2017,Tuesday,3,,,,,
25-10-2017,Wednesday,2,,,,,
26-10-2017,Thursday,1,,,,,
27-10-2017,Friday,5,,,,,
30-10-2017,Monday,4,,,,,
31-10-2017,Tuesday,3,,,,,
01-11-2017,Wednesday,2,,,,,
02-11-2017,Thursday,1,,,,,
03-11-2017,Friday,5,,,,,
06-11-2017,Monday,4,,,,,
07-11-2017,Tuesday,3,,,,,
08-11-2017,Wednesday,2,,,,,
09-11-2017,Thursday,1,,,,,
10-11-2017,Friday,5,,,,,
13-11-2017,Monday,4,,,,,
14-11-2017,Tuesday,3,,,,,
15-11-2017,Wednesday,2,,,,,
16-11-2017,Thursday,1,,,,,
17-11-2017,Friday,5,,,,,
20-11-2017,Monday,4,,,,,
21-11-2017,Tuesday,3,,,,,
22-11-2017,Wednesday,2,,,,,
23-11-2017,Thursday,1,,,,,
24-11-2017,Friday,5,,,,,
27-11-2017,Monday,4,,,,,
28-11-2017,Tuesday,3,,,,,
29-11-2017,Wednesday,2,,,,,
30-11-2017,Thursday,1,,,,,
01-12-2017,Friday,5,,,,,
04-12-2017,Monday,4,,,,,
05-12-2017,Tuesday,3,,,,,
06-12-2017,Wednesday,2,,,,,
07-12-2017,Thursday,1,,,,,
08-12-2017,Friday,5,,,,,
11-12-2017,Monday,4,,,,,
12-12-2017,Tuesday,3,,,,,
13-12-2017,Wednesday,2,,,,,
14-12-2017,Thursday,1,,,,,
15-12-2017,Friday,5,,,,,
18-12-2017,Monday,4,,,,,
19-12-2017,Tuesday,3,,,,,
20-12-2017,Wednesday,2,,,,,
21-12-2017,Thursday,1,,,,,
22-12-2017,Friday,4,,,,,
26-12-2017,Tuesday,3,,,,,
27-12-2017,Wednesday,2,,,,,
28-12-2017,Thursday,1,,,,,
29-12-2017,Friday,5,,,,,
01-01-2018,Monday,4,,,,,
02-01-2018,Tuesday,3,,,,,
03-01-2018,Wednesday,2,,,,,
04-01-2018,Thursday,1,,,,,
05-01-2018,Friday,5,,,,,
08-01-2018,Monday,4,,,,,
09-01-2018,Tuesday,3,,,,,
10-01-2018,Wednesday,2,,,,,
11-01-2018,Thursday,1,,,,,
12-01-2018,Friday,5,,,,,
15-01-2018,Monday,4,,,,,
16-01-2018,Tuesday,3,,,,,
17-01-2018,Wednesday,2,,,,,
18-01-2018,Thursday,1,,,,,
19-01-2018,Friday,5,,,,,
22-01-2018,Monday,4,,,,,
23-01-2018,Tuesday,3,,,,,
24-01-2018,Wednesday,2,,,,,
25-01-2018,Thursday,1,,,,,
29-01-2018,Monday,4,,,,,
30-01-2018,Tuesday,3,,,,,
31-01-2018,Wednesday,2,,,,,
01-02-2018,Thursday,1,,,,,
02-02-2018,Friday,5,,,,,
05-02-2018,Monday,4,,,,,
06-02-2018,Tuesday,3,,,,,
07-02-2018,Wednesday,2,,,,,
08-02-2018,Thursday,1,,,,,
09-02-2018,Friday,4,,,,,
12-02-2018,Monday,3,,,,,
14-02-2018,Wednesday,2,,,,,
15-02-2018,Thursday,1,,,,,
16-02-2018,Friday,5,,,,,
19-02-2018,Monday,4,,,,,
20-02-2018,Tuesday,3,,,,,
21-02-2018,Wednesday,2,,,,,
22-02-2018,Thursday,1,,,,,
23-02-2018,Friday,5,,,,,
26-02-2018,Monday,4,,,,,
27-02-2018,Tuesday,3,,,,,
28-02-2018,Wednesday,2,,,,,
01-03-2018,Thursday,1,,,,,
05-03-2018,Monday,4,,,,,
06-03-2018,Tuesday,3,,,,,
07-03-2018,Wednesday,2,,,,,
08-03-2018,Thursday,1,,,,,
09-03-2018,Friday,5,,,,,
12-03-2018,Monday,4,,,,,
13-03-2018,Tuesday,3,,,,,
14-03-2018,Wednesday,2,,,,,
15-03-2018,Thursday,1,,,,,
16-03-2018,Friday,5,,,,,
19-03-2018,Monday,4,,,,,
20-03-2018,Tuesday,3,,,,,
21-03-2018,Wednesday,2,,,,,
22-03-2018,Thursday,1,,,,,
23-03-2018,Friday,4,,,,,
26-03-2018,Monday,3,,,,,
27-03-2018,Tuesday,2,,,,,
28-03-2018,Wednesday,1,,,,,
02-04-2018,Monday,4,,,,,
03-04-2018,Tuesday,3,,,,,
04-04-2018,Wednesday,2,,,,,
05-04-2018,Thursday,1,,,,,
06-04-2018,Friday,5,,,,,
09-04-2018,Monday,4,,,,,
10-04-2018,Tuesday,3,,,,,
11-04-2018,Wednesday,2,,,,,
12-04-2018,Thursday,1,,,,,
13-04-2018,Friday,5,,,,,
16-04-2018,Monday,4,,,,,
17-04-2018,Tuesday,3,,,,,
18-04-2018,Wednesday,2,,,,,
19-04-2018,Thursday,1,,,,,
20-04-2018,Friday,5,,,,,
23-04-2018,Monday,4,,,,,
24-04-2018,Tuesday,3,,,,,
25-04-2018,Wednesday,2,,,,,
26-04-2018,Thursday,1,,,,,
27-04-2018,Friday,4,,,,,
30-04-2018,Monday,3,,,,,
02-05-2018,Wednesday,2,,,,,
03-05-2018,Thursday,1,,,,,
04-05-2018,Friday,5,,,,,
07-05-2018,Monday,4,,,,,
08-05-2018,Tuesday,3,,,,,
09-05-2018,Wednesday,2,,,,,
10-05-2018,Thursday,1,,,,,
11-05-2018,Friday,5,,,,,
14-05-2018,Monday,4,,,,,
15-05-2018,Tuesday,3,,,,,
16-05-2018,Wednesday,2,,,,,
17-05-2018,Thursday,1,,,,,
18-05-2018,Friday,5,,,,,
21-05-2018,Monday,4,,,,,
22-05-2018,Tuesday,3,,,,,
23-05-2018,Wednesday,2,,,,,
24-05-2018,Thursday,1,,,,,
25-05-2018,Friday,5,,,,,
28-05-2018,Monday,4,,,,,
29-05-2018,Tuesday,3,,,,,
30-05-2018,Wednesday,2,,,,,
31-05-2018,Thursday,1,,,,,
01-06-2018,Friday,5,,,,,
04-06-2018,Monday,4,,,,,
05-06-2018,Tuesday,3,,,,,
06-06-2018,Wednesday,2,,,,,
07-06-2018,Thursday,1,,,,,
08-06-2018,Friday,5,,,,,
11-06-2018,Monday,4,,,,,
12-06-2018,Tuesday,3,,,,,
13-06-2018,Wednesday,2,,,,,
14-06-2018,Thursday,1,,,,,
15-06-2018,Friday,5,,,,,
18-06-2018,Monday,4,,,,,
19-06-2018,Tuesday,3,,,,,
20-06-2018,Wednesday,2,,,,,
21-06-2018,Thursday,1,,,,,
22-06-2018,Friday,5,,,,,
25-06-2018,Monday,4,,,,,
26-06-2018,Tuesday,3,,,,,
27-06-2018,Wednesday,2,,,,,
28-06-2018,Thursday,1,,,,,
29-06-2018,Friday,5,,,,,
02-07-2018,Monday,4,,,,,
03-07-2018,Tuesday,3,,,,,
04-07-2018,Wednesday,2,,,,,
05-07-2018,Thursday,1,,,,,
06-07-2018,Friday,5,,,,,
09-07-2018,Monday,4,,,,,
10-07-2018,Tuesday,3,,,,,
11-07-2018,Wednesday,2,,,,,
12-07-2018,Thursday,1,,,,,
13-07-2018,Friday,5,,,,,
16-07-2018,Monday,4,,,,,
17-07-2018,Tuesday,3,,,,,
18-07-2018,Wednesday,2,,,,,
19-07-2018,Thursday,1,,,,,
20-07-2018,Friday,5,,,,,
23-07-2018,Monday,4,,,,,
24-07-2018,Tuesday,3,,,,,
25-07-2018,Wednesday,2,,,,,
26-07-2018,Thursday,1,,,,,
27-07-2018,Friday,5,,,,,
30-07-2018,Monday,4,,,,,
31-07-2018,Tuesday,3,,,,,
01-08-2018,Wednesday,2,,,,,
02-08-2018,Thursday,1,,,,,
03-08-2018,Friday,5,,,,,
06-08-2018,Monday,4,,,,,
07-08-2018,Tuesday,3,,,,,
08-08-2018,Wednesday,2,,,,,
09-08-2018,Thursday,1,,,,,
10-08-2018,Friday,4,,,,,
13-08-2018,Monday,3,,,,,
14-08-2018,Tuesday,2,,,,,
16-08-2018,Thursday,1,,,,,
17-08-2018,Friday,4,,,,,
20-08-2018,Monday,3,,,,,
21-08-2018,Tuesday,2,,,,,
23-08-2018,Thursday,1,,,,,
24-08-2018,Friday,5,,,,,
27-08-2018,Monday,4,,,,,
28-08-2018,Tuesday,3,,,,,
29-08-2018,Wednesday,2,,,,,
30-08-2018,Thursday,1,,,,,
31-08-2018,Friday,5,,,,,
03-09-2018,Monday,4,,,,,
04-09-2018,Tuesday,3,,,,,
05-09-2018,Wednesday,2,,,,,
06-09-2018,Thursday,1,,,,,
07-09-2018,Friday,4,,,,,
10-09-2018,Monday,3,,,,,
11-09-2018,Tuesday,2,,,,,
12-09-2018,Wednesday,1,,,,,
14-09-2018,Friday,4,,,,,
17-09-2018,Monday,3,,,,,
18-09-2018,Tuesday,2,,,,,
19-09-2018,Wednesday,1,,,,,
21-09-2018,Friday,5,,,,,
24-09-2018,Monday,4,,,,,
25-09-2018,Tuesday,3,,,,,
26-09-2018,Wednesday,2,,,,,
27-09-2018,Thursday,1,,,,,
28-09-2018,Friday,4,,,,,
01-10-2018,Monday,3,,,,,
03-10-2018,Wednesday,2,,,,,
04-10-2018,Thursday,1,,,,,
05-10-2018,Friday,5,,,,,
08-10-2018,Monday,4,,,,,
09-10-2018,Tuesday,3,,,,,
10-10-2018,Wednesday,2,,,,,
11-10-2018,Thursday,1,,,,,
12-10-2018,Friday,4,,,,,
15-10-2018,Monday,3,,,,,
16-10-2018,Tuesday,2,,,,,
17-10-2018,Wednesday,1,,,,,
19-10-2018,Friday,5,,,,,
22-10-2018,Monday,4,,,,,
23-10-2018,Tuesday,3,,,,,
24-10-2018,Wednesday,2,,,,,
25-10-2018,Thursday,1,,,,,
26-10-2018,Friday,5,,,,,
29-10-2018,Monday,4,,,,,
30-10-2018,Tuesday,3,,,,,
31-10-2018,Wednesday,2,,,,,
01-11-2018,Thursday,1,,,,,
02-11-2018,Friday,3,,,,,
05-11-2018,Monday,2,,,,,
06-11-2018,Tuesday,1,,,,,
09-11-2018,Friday,5,,,,,
12-11-2018,Monday,4,,,,,
13-11-2018,Tuesday,3,,,,,
14-11-2018,Wednesday,2,,,,,
15-11-2018,Thursday,1,,,,,
16-11-2018,Friday,5,,,,,
19-11-2018,Monday,4,,,,,
20-11-2018,Tuesday,3,,,,,
21-11-2018,Wednesday,2,,,,,
22-11-2018,Thursday,1,,,,,
26-11-2018,Monday,4,,,,,
27-11-2018,Tuesday,3,,,,,
28-11-2018,Wednesday,2,,,,,
29-11-2018,Thursday,1,,,,,
30-11-2018,Friday,5,,,,,
03-12-2018,Monday,4,,,,,
04-12-2018,Tuesday,3,,,,,
05-12-2018,Wednesday,2,,,,,
06-12-2018,Thursday,1,,,,,
07-12-2018,Friday,5,,,,,
10-12-2018,Monday,4,,,,,
11-12-2018,Tuesday,3,,,,,
12-12-2018,Wednesday,2,,,,,
13-12-2018,Thursday,1,,,,,
14-12-2018,Friday,5,,,,,
17-12-2018,Monday,4,,,,,
18-12-2018,Tuesday,3,,,,,
19-12-2018,Wednesday,2,,,,,
20-12-2018,Thursday,1,,,,,
21-12-2018,Friday,4,,,,,
24-12-2018,Monday,3,,,,,
26-12-2018,Wednesday,2,,,,,
27-12-2018,Thursday,1,,,,,
28-12-2018,Friday,5,,,,,
31-12-2018,Monday,4,,,,,
01-01-2019,Tuesday,3,,,,,
02-01-2019,Wednesday,2,,,,,
03-01-2019,Thursday,1,,,,,
04-01-2019,Friday,5,,,,,
07-01-2019,Monday,4,,,,,
08-01-2019,Tuesday,3,,,,,
09-01-2019,Wednesday,2,,,,,
10-01-2019,Thursday,1,,,,,
11-01-2019,Friday,5,,,,,
14-01-2019,Monday,4,,,,,
15-01-2019,Tuesday,3,,,,,
16-01-2019,Wednesday,2,,,,,
17-01-2019,Thursday,1,,,,,
18-01-2019,Friday,5,,,,,
21-01-2019,Monday,4,,,,,
22-01-2019,Tuesday,3,,,,,
23-01-2019,Wednesday,2,,,,,
24-01-2019,Thursday,1,,,,,
25-01-2019,Friday,5,,,,,
28-01-2019,Monday,4,,,,,
29-01-2019,Tuesday,3,,,,,
30-01-2019,Wednesday,2,,,,,
31-01-2019,Thursday,1,,,,,
01-02-2019,Friday,5,,,,,
04-02-2019,Monday,4,,,,,
05-02-2019,Tuesday,3,,,,,
06-02-2019,Wednesday,2,,,,,
07-02-2019,Thursday,1,,,,,
08-02-2019,Friday,5,,,,,
11-02-2019,Monday,4,4,,,,
12-02-2019,Tuesday,3,3,,,,
13-02-2019,Wednesday,2,2,,,,
14-02-2019,Thursday,1,1,,,,
15-02-2019,Friday,5,5,,,,
18-02-2019,Monday,4,4,,,,
19-02-2019,Tuesday,3,3,,,,
20-02-2019,Wednesday,2,2,,,,
21-02-2019,Thursday,1,1,,,,
22-02-2019,Friday,5,5,,,,
25-02-2019,Monday,4,4,,,,
26-02-2019,Tuesday,3,3,,,,
27-02-2019,Wednesday,2,2,,,,
28-02-2019,Thursday,1,1,,,,
01-03-2019,Friday,4,4,,,,
05-03-2019,Tuesday,3,3,,,,
06-03-2019,Wednesday,2,2,,,,
07-03-2019,Thursday,1,1,,,,
08-03-2019,Friday,5,5,,,,
11-03-2019,Monday,4,4,,,,
12-03-2019,Tuesday,3,3,,,,
13-03-2019,Wednesday,2,2,,,,
14-03-2019,Thursday,1,1,,,,
15-03-2019,Friday,4,4,,,,
18-03-2019,Monday,3,3,,,,
19-03-2019,Tuesday,2,2,,,,
20-03-2019,Wednesday,1,1,,,,
22-03-2019,Friday,5,5,,,,
25-03-2019,Monday,4,4,,,,
26-03-2019,Tuesday,3,3,,,,
27-03-2019,Wednesday,2,2,,,,
28-03-2019,Thursday,1,1,,,,
29-03-2019,Friday,5,5,,,,
01-04-2019,Monday,4,4,,,,
02-04-2019,Tuesday,3,3,,,,
03-04-2019,Wednesday,2,2,,,,
04-04-2019,Thursday,1,1,,,,
05-04-2019,Friday,5,5,,,,
08-04-2019,Monday,4,4,,,,
09-04-2019,Tuesday,3,3,,,,
10-04-2019,Wednesday,2,2,,,,
11-04-2019,Thursday,1,1,,,,
12-04-2019,Friday,4,4,,,,
15-04-2019,Monday,3,3,,,,
16-04-2019,Tuesday,2,2,,,,
18-04-2019,Thursday,1,1,,,,
22-04-2019,Monday,4,4,,,,
23-04-2019,Tuesday,3,3,,,,
24-04-2019,Wednesday,2,2,,,,
25-04-2019,Thursday,1,1,,,,
26-04-2019,Friday,3,3,,,,
30-04-2019,Tuesday,2,2,,,,
02-05-2019,Thursday,1,1,,,,
03-05-2019,Friday,5,5,,,,
06-05-2019,Monday,4,4,,,,
07-05-2019,Tuesday,3,3,,,,
08-05-2019,Wednesday,2,2,,,,
09-05-2019,Thursday,1,1,,,,
10-05-2019,Friday,5,5,,,,
13-05-2019,Monday,4,4,,,,
14-05-2019,Tuesday,3,3,,,,
15-05-2019,Wednesday,2,2,,,,
16-05-2019,Thursday,1,1,,,,
17-05-2019,Friday,5,5,,,,
20-05-2019,Monday,4,4,,,,
21-05-2019,Tuesday,3,3,,,,
22-05-2019,Wednesday,2,2,,,,
23-05-2019,Thursday,1,1,,,,
24-05-2019,Friday,5,5,,,,
27-05-2019,Monday,4,4,,,,
28-05-2019,Tuesday,3,3,,,,
29-05-2019,Wednesday,2,2,,,,
30-05-2019,Thursday,1,1,,,,
31-05-2019,Friday,4,4,,,,
03-06-2019,Monday,3,3,,,,
04-06-2019,Tuesday,2,2,,,,
06-06-2019,Thursday,1,1,,,,
07-06-2019,Friday,5,5,,,,
10-06-2019,Monday,4,4,,,,
11-06-2019,Tuesday,3,3,,,,
12-06-2019,Wednesday,2,2,,,,
13-06-2019,Thursday,1,1,,,,
14-06-2019,Friday,5,5,,,,
17-06-2019,Monday,4,4,,,,
18-06-2019,Tuesday,3,3,,,,
19-06-2019,Wednesday,2,2,,,,
20-06-2019,Thursday,1,1,,,,
21-06-2019,Friday,5,5,,,,
24-06-2019,Monday,4,4,,,,
25-06-2019,Tuesday,3,3,,,,
26-06-2019,Wednesday,2,2,,,,
27-06-2019,Thursday,1,1,,,,
28-06-2019,Friday,5,5,,,,
01-07-2019,Monday,4,4,,,,
02-07-2019,Tuesday,3,3,,,,
03-07-2019,Wednesday,2,2,,,,
04-07-2019,Thursday,1,1,,,,
05-07-2019,Friday,5,5,,,,
08-07-2019,Monday,4,4,,,,
09-07-2019,Tuesday,3,3,,,,
10-07-2019,Wednesday,2,2,,,,
11-07-2019,Thursday,1,1,,,,
12-07-2019,Friday,5,5,,,,
15-07-2019,Monday,4,4,,,,
16-07-2019,Tuesday,3,3,,,,
17-07-2019,Wednesday,2,2,,,,
18-07-2019,Thursday,1,1,,,,
19-07-2019,Friday,5,5,,,,
22-07-2019,Monday,4,4,,,,
23-07-2019,Tuesday,3,3,,,,
24-07-2019,Wednesday,2,2,,,,
25-07-2019,Thursday,1,1,,,,
26-07-2019,Friday,5,5,,,,
29-07-2019,Monday,4,4,,,,
30-07-2019,Tuesday,3,3,,,,
31-07-2019,Wednesday,2,2,,,,
01-08-2019,Thursday,1,1,,,,
02-08-2019,Friday,5,5,,,,
05-08-2019,Monday,4,4,,,,
06-08-2019,Tuesday,3,3,,,,
07-08-2019,Wednesday,2,2,,,,
08-08-2019,Thursday,1,1,,,,
09-08-2019,Friday,3,3,,,,
13-08-2019,Tuesday,2,2,,,,
14-08-2019,Wednesday,1,1,,,,
16-08-2019,Friday,5,5,,,,
19-08-2019,Monday,4,4,,,,
20-08-2019,Tuesday,3,3,,,,
21-08-2019,Wednesday,2,2,,,,
22-08-2019,Thursday,1,1,,,,
23-08-2019,Friday,5,5,,,,
26-08-2019,Monday,4,4,,,,
27-08-2019,Tuesday,3,3,,,,
28-08-2019,Wednesday,2,2,,,,
29-08-2019,Thursday,1,1,,,,
30-08-2019,Friday,4,4,,,,
03-09-2019,Tuesday,3,3,,,,
04-09-2019,Wednesday,2,2,,,,
05-09-2019,Thursday,1,1,,,,
06-09-2019,Friday,4,4,,,,
09-09-2019,Monday,3,3,,,,
11-09-2019,Wednesday,2,2,,,,
12-09-2019,Thursday,1,1,,,,
13-09-2019,Friday,5,5,,,,
16-09-2019,Monday,4,4,,,,
17-09-2019,Tuesday,3,3,,,,
18-09-2019,Wednesday,2,2,,,,
19-09-2019,Thursday,1,1,,,,
20-09-2019,Friday,5,5,,,,
23-09-2019,Monday,4,4,,,,
24-09-2019,Tuesday,3,3,,,,
25-09-2019,Wednesday,2,2,,,,
26-09-2019,Thursday,1,1,,,,
27-09-2019,Friday,4,4,,,,
30-09-2019,Monday,3,3,,,,
01-10-2019,Tuesday,2,2,,,,
03-10-2019,Thursday,1,1,,,,
04-10-2019,Friday,4,4,,,,
07-10-2019,Monday,3,3,,,,
09-10-2019,Wednesday,2,2,,,,
10-10-2019,Thursday,1,1,,,,
11-10-2019,Friday,5,5,,,,
14-10-2019,Monday,4,4,,,,
15-10-2019,Tuesday,3,3,,,,
16-10-2019,Wednesday,2,2,,,,
17-10-2019,Thursday,1,1,,,,
18-10-2019,Friday,4,4,,,,
22-10-2019,Tuesday,3,3,,,,
23-10-2019,Wednesday,2,2,,,,
24-10-2019,Thursday,1,1,,,,
25-10-2019,Friday,4,4,,,,
29-10-2019,Tuesday,3,3,,,,
30-10-2019,Wednesday,2,2,,,,
31-10-2019,Thursday,1,1,,,,
01-11-2019,Friday,5,5,,,,
04-11-2019,Monday,4,4,,,,
05-11-2019,Tuesday,3,3,,,,
06-11-2019,Wednesday,2,2,,,,
07-11-2019,Thursday,1,1,,,,
08-11-2019,Friday,4,4,,,,
11-11-2019,Monday,3,3,,,,
13-11-2019,Wednesday,2,2,,,,
14-11-2019,Thursday,1,1,,,,
15-11-2019,Friday,5,5,,,,
18-11-2019,Monday,4,4,,,,
19-11-2019,Tuesday,3,3,,,,
20-11-2019,Wednesday,2,2,,,,
21-11-2019,Thursday,1,1,,,,
22-11-2019,Friday,5,5,,,,
25-11-2019,Monday,4,4,,,,
26-11-2019,Tuesday,3,3,,,,
27-11-2019,Wednesday,2,2,,,,
28-11-2019,Thursday,1,1,,,,
29-11-2019,Friday,5,5,,,,
02-12-2019,Monday,4,4,,,,
03-12-2019,Tuesday,3,3,,,,
04-12-2019,Wednesday,2,2,,,,
05-12-2019,Thursday,1,1,,,,
06-12-2019,Friday,5,5,,,,
09-12-2019,Monday,4,4,,,,
10-12-2019,Tuesday,3,3,,,,
11-12-2019,Wednesday,2,2,,,,
12-12-2019,Thursday,1,1,,,,
13-12-2019,Friday,5,5,,,,
16-12-2019,Monday,4,4,,,,
17-12-2019,Tuesday,3,3,,,,
18-12-2019,Wednesday,2,2,,,,
19-12-2019,Thursday,1,1,,,,
20-12-2019,Friday,4,4,,,,
23-12-2019,Monday,3,3,,,,
24-12-2019,Tuesday,2,2,,,,
26-12-2019,Thursday,1,1,,,,
27-12-2019,Friday,5,5,,,,
30-12-2019,Monday,4,4,,,,
31-12-2019,Tuesday,3,3,,,,
01-01-2020,Wednesday,2,2,,,,
02-01-2020,Thursday,1,1,,,,
03-01-2020,Friday,5,5,,,,
06-01-2020,Monday,4,4,,,,
07-01-2020,Tuesday,3,3,,,,
08-01-2020,Wednesday,2,2,,,,
09-01-2020,Thursday,1,1,,,,
10-01-2020,Friday,5,5,,,,
13-01-2020,Monday,4,4,,,,
14-01-2020,Tuesday,3,3,,,,
15-01-2020,Wednesday,2,2,,,,
16-01-2020,Thursday,1,1,,,,
17-01-2020,Friday,5,5,,,,
20-01-2020,Monday,4,4,,,,
21-01-2020,Tuesday,3,3,,,,
22-01-2020,Wednesday,2,2,,,,
23-01-2020,Thursday,1,1,,,,
24-01-2020,Friday,5,5,,,,
27-01-2020,Monday,4,4,,,,
28-01-2020,Tuesday,3,3,,,,
29-01-2020,Wednesday,2,2,,,,
30-01-2020,Thursday,1,1,,,,
31-01-2020,Friday,6,6,,,,
01-02-2020,Saturday,5,5,,,,
03-02-2020,Monday,4,4,,,,
04-02-2020,Tuesday,3,3,,,,
05-02-2020,Wednesday,2,2,,,,
06-02-2020,Thursday,1,1,,,,
07-02-2020,Friday,5,5,,,,
10-02-2020,Monday,4,4,,,,
11-02-2020,Tuesday,3,3,,,,
12-02-2020,Wednesday,2,2,,,,
13-02-2020,Thursday,1,1,,,,
14-02-2020,Friday,5,5,,,,
17-02-2020,Monday,4,4,,,,
18-02-2020,Tuesday,3,3,,,,
19-02-2020,Wednesday,2,2,,,,
20-02-2020,Thursday,1,1,,,,
24-02-2020,Monday,4,4,,,,
25-02-2020,Tuesday,3,3,,,,
26-02-2020,Wednesday,2,2,,,,
27-02-2020,Thursday,1,1,,,,
28-02-2020,Friday,5,5,,,,
02-03-2020,Monday,4,4,,,,
03-03-2020,Tuesday,3,3,,,,
04-03-2020,Wednesday,2,2,,,,
05-03-2020,Thursday,1,1,,,,
06-03-2020,Friday,4,4,,,,
09-03-2020,Monday,3,3,,,,
11-03-2020,Wednesday,2,2,,,,
12-03-2020,Thursday,1,1,,,,
13-03-2020,Friday,5,5,,,,
16-03-2020,Monday,4,4,,,,
17-03-2020,Tuesday,3,3,,,,
18-03-2020,Wednesday,2,2,,,,
19-03-2020,Thursday,1,1,,,,
20-03-2020,Friday,5,5,,,,
23-03-2020,Monday,4,4,,,,
24-03-2020,Tuesday,3,3,,,,
25-03-2020,Wednesday,2,2,,,,
26-03-2020,Thursday,1,1,,,,
27-03-2020,Friday,4,4,,,,
30-03-2020,Monday,3,3,,,,
31-03-2020,Tuesday,2,2,,,,
01-04-2020,Wednesday,1,1,,,,
03-04-2020,Friday,4,4,,,,
07-04-2020,Tuesday,3,3,,,,
08-04-2020,Wednesday,2,2,,,,
09-04-2020,Thursday,1,1,,,,
13-04-2020,Monday,3,3,,,,
15-04-2020,Wednesday,2,2,,,,
16-04-2020,Thursday,1,1,,,,
17-04-2020,Friday,5,5,,,,
20-04-2020,Monday,4,4,,,,
21-04-2020,Tuesday,3,3,,,,
22-04-2020,Wednesday,2,2,,,,
23-04-2020,Thursday,1,1,,,,
24-04-2020,Friday,5,5,,,,
27-04-2020,Monday,4,4,,,,
28-04-2020,Tuesday,3,3,,,,
29-04-2020,Wednesday,2,2,,,,
30-04-2020,Thursday,1,1,,,,
04-05-2020,Monday,4,4,,,,
05-05-2020,Tuesday,3,3,,,,
06-05-2020,Wednesday,2,2,,,,
07-05-2020,Thursday,1,1,,,,
08-05-2020,Friday,5,5,,,,
11-05-2020,Monday,4,4,,,,
12-05-2020,Tuesday,3,3,,,,
13-05-2020,Wednesday,2,2,,,,
14-05-2020,Thursday,1,1,,,,
15-05-2020,Friday,5,5,,,,
18-05-2020,Monday,4,4,,,,
19-05-2020,Tuesday,3,3,,,,
20-05-2020,Wednesday,2,2,,,,
21-05-2020,Thursday,1,1,,,,
22-05-2020,Friday,4,4,,,,
26-05-2020,Tuesday,3,3,,,,
27-05-2020,Wednesday,2,2,,,,
28-05-2020,Thursday,1,1,,,,
29-05-2020,Friday,5,5,,,,
01-06-2020,Monday,4,4,,,,
02-06-2020,Tuesday,3,3,,,,
03-06-2020,Wednesday,2,2,,,,
04-06-2020,Thursday,1,1,,,,
05-06-2020,Friday,5,5,,,,
08-06-2020,Monday,4,4,,,,
09-06-2020,Tuesday,3,3,,,,
10-06-2020,Wednesday,2,2,,,,
11-06-2020,Thursday,1,1,,,,
12-06-2020,Friday,5,5,,,,
15-06-2020,Monday,4,4,,,,
16-06-2020,Tuesday,3,3,,,,
17-06-2020,Wednesday,2,2,,,,
18-06-2020,Thursday,1,1,,,,
19-06-2020,Friday,5,5,,,,
22-06-2020,Monday,4,4,,,,
23-06-2020,Tuesday,3,3,,,,
24-06-2020,Wednesday,2,2,,,,
25-06-2020,Thursday,1,1,,,,
26-06-2020,Friday,5,5,,,,
29-06-2020,Monday,4,4,,,,
30-06-2020,Tuesday,3,3,,,,
01-07-2020,Wednesday,2,2,,,,
02-07-2020,Thursday,1,1,,,,
03-07-2020,Friday,5,5,,,,
06-07-2020,Monday,4,4,,,,
07-07-2020,Tuesday,3,3,,,,
08-07-2020,Wednesday,2,2,,,,
09-07-2020,Thursday,1,1,,,,
10-07-2020,Friday,5,5,,,,
13-07-2020,Monday,4,4,,,,
14-07-2020,Tuesday,3,3,,,,
15-07-2020,Wednesday,2,2,,,,
16-07-2020,Thursday,1,1,,,,
17-07-2020,Friday,5,5,,,,
20-07-2020,Monday,4,4,,,,
21-07-2020,Tuesday,3,3,,,,
22-07-2020,Wednesday,2,2,,,,
23-07-2020,Thursday,1,1,,,,
24-07-2020,Friday,5,5,,,,
27-07-2020,Monday,4,4,,,,
28-07-2020,Tuesday,3,3,,,,
29-07-2020,Wednesday,2,2,,,,
30-07-2020,Thursday,1,1,,,,
31-07-2020,Friday,5,5,,,,
03-08-2020,Monday,4,4,,,,
04-08-2020,Tuesday,3,3,,,,
05-08-2020,Wednesday,2,2,,,,
06-08-2020,Thursday,1,1,,,,
07-08-2020,Friday,5,5,,,,
10-08-2020,Monday,4,4,,,,
11-08-2020,Tuesday,3,3,,,,
12-08-2020,Wednesday,2,2,,,,
13-08-2020,Thursday,1,1,,,,
14-08-2020,Friday,5,5,,,,
17-08-2020,Monday,4,4,,,,
18-08-2020,Tuesday,3,3,,,,
19-08-2020,Wednesday,2,2,,,,
20-08-2020,Thursday,1,1,,,,
21-08-2020,Friday,5,5,,,,
24-08-2020,Monday,4,4,,,,
25-08-2020,Tuesday,3,3,,,,
26-08-2020,Wednesday,2,2,,,,
27-08-2020,Thursday,1,1,,,,
28-08-2020,Friday,5,5,,,,
31-08-2020,Monday,4,4,,,,
01-09-2020,Tuesday,3,3,,,,
02-09-2020,Wednesday,2,2,,,,
03-09-2020,Thursday,1,1,,,,
04-09-2020,Friday,5,5,,,,
07-09-2020,Monday,4,4,,,,
08-09-2020,Tuesday,3,3,,,,
09-09-2020,Wednesday,2,2,,,,
10-09-2020,Thursday,1,1,,,,
11-09-2020,Friday,5,5,,,,
14-09-2020,Monday,4,4,,,,
15-09-2020,Tuesday,3,3,,,,
16-09-2020,Wednesday,2,2,,,,
17-09-2020,Thursday,1,1,,,,
18-09-2020,Friday,5,5,,,,
21-09-2020,Monday,4,4,,,,
22-09-2020,Tuesday,3,3,,,,
23-09-2020,Wednesday,2,2,,,,
24-09-2020,Thursday,1,1,,,,
25-09-2020,Friday,5,5,,,,
28-09-2020,Monday,4,4,,,,
29-09-2020,Tuesday,3,3,,,,
30-09-2020,Wednesday,2,2,,,,
01-10-2020,Thursday,1,1,,,,
05-10-2020,Monday,4,4,,,,
06-10-2020,Tuesday,3,3,,,,
07-10-2020,Wednesday,2,2,,,,
08-10-2020,Thursday,1,1,,,,
09-10-2020,Friday,5,5,,,,
12-10-2020,Monday,4,4,,,,
13-10-2020,Tuesday,3,3,,,,
14-10-2020,Wednesday,2,2,,,,
15-10-2020,Thursday,1,1,,,,
16-10-2020,Friday,5,5,,,,
19-10-2020,Monday,4,4,,,,
20-10-2020,Tuesday,3,3,,,,
21-10-2020,Wednesday,2,2,,,,
22-10-2020,Thursday,1,1,,,,
23-10-2020,Friday,5,5,,,,
26-10-2020,Monday,4,4,,,,
27-10-2020,Tuesday,3,3,,,,
28-10-2020,Wednesday,2,2,,,,
29-10-2020,Thursday,1,1,,,,
30-10-2020,Friday,5,5,,,,
02-11-2020,Monday,4,4,,,,
03-11-2020,Tuesday,3,3,,,,
04-11-2020,Wednesday,2,2,,,,
05-11-2020,Thursday,1,1,,,,
06-11-2020,Friday,5,5,,,,
09-11-2020,Monday,4,4,,,,
10-11-2020,Tuesday,3,3,,,,
11-11-2020,Wednesday,2,2,,,,
12-11-2020,Thursday,1,1,,,,
13-11-2020,Friday,4,4,,,,
17-11-2020,Tuesday,3,3,,,,
18-11-2020,Wednesday,2,2,,,,
19-11-2020,Thursday,1,1,,,,
20-11-2020,Friday,5,5,,,,
23-11-2020,Monday,4,4,,,,
24-11-2020,Tuesday,3,3,,,,
25-11-2020,Wednesday,2,2,,,,
26-11-2020,Thursday,1,1,,,,
27-11-2020,Friday,4,4,,,,
01-12-2020,Tuesday,3,3,,,,
02-12-2020,Wednesday,2,2,,,,
03-12-2020,Thursday,1,1,,,,
04-12-2020,Friday,5,5,,,,
07-12-2020,Monday,4,4,,,,
08-12-2020,Tuesday,3,3,,,,
09-12-2020,Wednesday,2,2,,,,
10-12-2020,Thursday,1,1,,,,
11-12-2020,Friday,5,5,,,,
14-12-2020,Monday,4,4,,,,
15-12-2020,Tuesday,3,3,,,,
16-12-2020,Wednesday,2,2,,,,
17-12-2020,Thursday,1,1,,,,
18-12-2020,Friday,5,5,,,,
21-12-2020,Monday,4,4,,,,
22-12-2020,Tuesday,3,3,,,,
23-12-2020,Wednesday,2,2,,,,
24-12-2020,Thursday,1,1,,,,
28-12-2020,Monday,4,4,,,,
29-12-2020,Tuesday,3,3,,,,
30-12-2020,Wednesday,2,2,,,,
31-12-2020,Thursday,1,1,,,,
01-01-2021,Friday,5,5,,,,
04-01-2021,Monday,4,4,,,,
05-01-2021,Tuesday,3,3,,,,
06-01-2021,Wednesday,2,2,,,,
07-01-2021,Thursday,1,1,,,,
08-01-2021,Friday,5,5,,,,
11-01-2021,Monday,4,4,,,,
12-01-2021,Tuesday,3,3,,,,
13-01-2021,Wednesday,2,2,,,,
14-01-2021,Thursday,1,1,,,,
15-01-2021,Friday,5,5,,,,
18-01-2021,Monday,4,4,,,,
19-01-2021,Tuesday,3,3,,,,
20-01-2021,Wednesday,2,2,,,,
21-01-2021,Thursday,1,1,,,,
22-01-2021,Friday,4,4,,,,
25-01-2021,Monday,3,3,,,,
27-01-2021,Wednesday,2,2,,,,
28-01-2021,Thursday,1,1,,,,
29-01-2021,Friday,5,5,,,,
01-02-2021,Monday,4,4,,,,
02-02-2021,Tuesday,3,3,,,,
03-02-2021,Wednesday,2,2,,,,
04-02-2021,Thursday,1,1,,,,
05-02-2021,Friday,5,5,,,,
08-02-2021,Monday,4,4,,,,
09-02-2021,Tuesday,3,3,,,,
10-02-2021,Wednesday,2,2,,,,
11-02-2021,Thursday,1,1,,,,
12-02-2021,Friday,5,5,,,,
15-02-2021,Monday,4,4,,,,
16-02-2021,Tuesday,3,3,,,,
17-02-2021,Wednesday,2,2,,,,
18-02-2021,Thursday,1,1,,,,
19-02-2021,Friday,5,5,,,,
22-02-2021,Monday,4,4,,,,
23-02-2021,Tuesday,3,3,,,,
24-02-2021,Wednesday,2,2,,,,
25-02-2021,Thursday,1,1,,,,
26-02-2021,Friday,5,5,,,,
01-03-2021,Monday,4,4,,,,
02-03-2021,Tuesday,3,3,,,,
03-03-2021,Wednesday,2,2,,,,
04-03-2021,Thursday,1,1,,,,
05-03-2021,Friday,4,4,,,,
08-03-2021,Monday,3,3,,,,
09-03-2021,Tuesday,2,2,,,,
10-03-2021,Wednesday,1,1,,,,
12-03-2021,Friday,5,5,,,,
15-03-2021,Monday,4,4,,,,
16-03-2021,Tuesday,3,3,,,,
17-03-2021,Wednesday,2,2,,,,
18-03-2021,Thursday,1,1,,,,
19-03-2021,Friday,5,5,,,,
22-03-2021,Monday,4,4,,,,
23-03-2021,Tuesday,3,3,,,,
24-03-2021,Wednesday,2,2,,,,
25-03-2021,Thursday,1,1,,,,
26-03-2021,Friday,4,4,,,,
30-03-2021,Tuesday,3,3,,,,
31-03-2021,Wednesday,2,2,,,,
01-04-2021,Thursday,1,1,,,,
05-04-2021,Monday,4,4,,,,
06-04-2021,Tuesday,3,3,,,,
07-04-2021,Wednesday,2,2,,,,
08-04-2021,Thursday,1,1,,,,
09-04-2021,Friday,4,4,,,,
12-04-2021,Monday,3,3,,,,
13-04-2021,Tuesday,2,2,,,,
15-04-2021,Thursday,1,1,,,,
16-04-2021,Friday,4,4,,,,
19-04-2021,Monday,3,3,,,,
20-04-2021,Tuesday,2,2,,,,
22-04-2021,Thursday,1,1,,,,
23-04-2021,Friday,5,5,,,,
26-04-2021,Monday,4,4,,,,
27-04-2021,Tuesday,3,3,,,,
28-04-2021,Wednesday,2,2,,,,
29-04-2021,Thursday,1,1,,,,
30-04-2021,Friday,5,5,,,,
03-05-2021,Monday,4,4,,,,
04-05-2021,Tuesday,3,3,,,,
05-05-2021,Wednesday,2,2,,,,
06-05-2021,Thursday,1,1,,,,
07-05-2021,Friday,4,4,,,,
10-05-2021,Monday,3,3,,,,
11-05-2021,Tuesday,2,2,,,,
12-05-2021,Wednesday,1,1,,,,
14-05-2021,Friday,5,5,,,,
17-05-2021,Monday,4,4,,,,
18-05-2021,Tuesday,3,3,,,,
19-05-2021,Wednesday,2,2,,,,
20-05-2021,Thursday,1,1,,,,
21-05-2021,Friday,5,5,,,,
24-05-2021,Monday,4,4,,,,
25-05-2021,Tuesday,3,3,,,,
26-05-2021,Wednesday,2,2,,,,
27-05-2021,Thursday,1,1,,,,
28-05-2021,Friday,5,5,,,,
31-05-2021,Monday,4,4,,,,
01-06-2021,Tuesday,3,3,,,,
02-06-2021,Wednesday,2,2,,,,
03-06-2021,Thursday,1,1,,,,
04-06-2021,Friday,5,5,,,,
07-06-2021,Monday,4,4,,,,
08-06-2021,Tuesday,3,3,,,,
09-06-2021,Wednesday,2,2,,,,
10-06-2021,Thursday,1,1,,,,
11-06-2021,Friday,5,5,,,,
14-06-2021,Monday,4,4,,,,
15-06-2021,Tuesday,3,3,,,,
16-06-2021,Wednesday,2,2,,,,
17-06-2021,Thursday,1,1,,,,
18-06-2021,Friday,5,5,,,,
21-06-2021,Monday,4,4,,,,
22-06-2021,Tuesday,3,3,,,,
23-06-2021,Wednesday,2,2,,,,
24-06-2021,Thursday,1,1,,,,
25-06-2021,Friday,5,5,,,,
28-06-2021,Monday,4,4,,,,
29-06-2021,Tuesday,3,3,,,,
30-06-2021,Wednesday,2,2,,,,
01-07-2021,Thursday,1,1,,,,
02-07-2021,Friday,5,5,,,,
05-07-2021,Monday,4,4,,,,
06-07-2021,Tuesday,3,3,,,,
07-07-2021,Wednesday,2,2,,,,
08-07-2021,Thursday,1,1,,,,
09-07-2021,Friday,5,5,,,,
12-07-2021,Monday,4,4,,,,
13-07-2021,Tuesday,3,3,,,,
14-07-2021,Wednesday,2,2,,,,
15-07-2021,Thursday,1,1,,,,
16-07-2021,Friday,4,4,,,,
19-07-2021,Monday,3,3,,,,
20-07-2021,Tuesday,2,2,,,,
22-07-2021,Thursday,1,1,,,,
23-07-2021,Friday,5,5,,,,
26-07-2021,Monday,4,4,,,,
27-07-2021,Tuesday,3,3,,,,
28-07-2021,Wednesday,2,2,,,,
29-07-2021,Thursday,1,1,,,,
30-07-2021,Friday,5,5,,,,
02-08-2021,Monday,4,4,,,,
03-08-2021,Tuesday,3,3,,,,
04-08-2021,Wednesday,2,2,,,,
05-08-2021,Thursday,1,1,,,,
06-08-2021,Friday,5,5,,,,
09-08-2021,Monday,4,4,,,,
10-08-2021,Tuesday,3,3,,,,
11-08-2021,Wednesday,2,2,,,,
12-08-2021,Thursday,1,1,,,,
13-08-2021,Friday,4,4,,,,
16-08-2021,Monday,3,3,,,,
17-08-2021,Tuesday,2,2,,,,
18-08-2021,Wednesday,1,1,,,,
20-08-2021,Friday,5,5,,,,
23-08-2021,Monday,4,4,,,,
24-08-2021,Tuesday,3,3,,,,
25-08-2021,Wednesday,2,2,,,,
26-08-2021,Thursday,1,1,,,,
27-08-2021,Friday,5,5,,,,
30-08-2021,Monday,4,4,,,,
31-08-2021,Tuesday,3,3,,,,
01-09-2021,Wednesday,2,2,,,,
02-09-2021,Thursday,1,1,,,,
03-09-2021,Friday,5,5,,,,
06-09-2021,Monday,4,4,,,,
07-09-2021,Tuesday,3,3,,,,
08-09-2021,Wednesday,2,2,,,,
09-09-2021,Thursday,1,1,,,,
13-09-2021,Monday,4,4,,,,
14-09-2021,Tuesday,3,3,,,,
15-09-2021,Wednesday,2,2,,,,
16-09-2021,Thursday,1,1,,,,
17-09-2021,Friday,5,5,,,,
20-09-2021,Monday,4,4,,,,
21-09-2021,Tuesday,3,3,,,,
22-09-2021,Wednesday,2,2,,,,
23-09-2021,Thursday,1,1,,,,
24-09-2021,Friday,5,5,,,,
27-09-2021,Monday,4,4,,,,
28-09-2021,Tuesday,3,3,,,,
29-09-2021,Wednesday,2,2,,,,
30-09-2021,Thursday,1,1,,,,
01-10-2021,Friday,5,5,,,,
04-10-2021,Monday,4,4,,,,
05-10-2021,Tuesday,3,3,,,,
06-10-2021,Wednesday,2,2,,,,
07-10-2021,Thursday,1,1,,,,
08-10-2021,Friday,5,5,,,,
11-10-2021,Monday,4,4,,,,
12-10-2021,Tuesday,3,3,,,,
13-10-2021,Wednesday,2,2,,,,
14-10-2021,Thursday,1,1,,,,
18-10-2021,Monday,4,4,,,,
19-10-2021,Tuesday,3,3,,,,
20-10-2021,Wednesday,2,2,,,,
21-10-2021,Thursday,1,1,,,,
22-10-2021,Friday,5,5,,,,
25-10-2021,Monday,4,4,,,,
26-10-2021,Tuesday,3,3,,,,
27-10-2021,Wednesday,2,2,,,,
28-10-2021,Thursday,1,1,,,,
29-10-2021,Friday,4,4,,,,
01-11-2021,Monday,3,3,,,,
02-11-2021,Tuesday,2,2,,,,
03-11-2021,Wednesday,1,1,,,,
08-11-2021,Monday,4,4,,,,
09-11-2021,Tuesday,3,3,,,,
10-11-2021,Wednesday,2,2,,,,
11-11-2021,Thursday,1,1,,,,
12-11-2021,Friday,5,5,,,,
15-11-2021,Monday,4,4,,,,
16-11-2021,Tuesday,3,3,,,,
17-11-2021,Wednesday,2,2,,,,
18-11-2021,Thursday,1,1,,,,
22-11-2021,Monday,4,4,,,,
23-11-2021,Tuesday,3,3,,,,
24-11-2021,Wednesday,2,2,,,,
25-11-2021,Thursday,1,1,,,,
26-11-2021,Friday,5,5,,,,
29-11-2021,Monday,4,4,,,,
30-11-2021,Tuesday,3,3,,,,
01-12-2021,Wednesday,2,2,,,,
02-12-2021,Thursday,1,1,,,,
03-12-2021,Friday,5,5,,,,
06-12-2021,Monday,4,4,,,,
07-12-2021,Tuesday,3,3,,,,
08-12-2021,Wednesday,2,2,,,,
09-12-2021,Thursday,1,1,,,,
10-12-2021,Friday,5,5,,,,
13-12-2021,Monday,4,4,,,,
14-12-2021,Tuesday,3,3,,,,
15-12-2021,Wednesday,2,2,,,,
16-12-2021,Thursday,1,1,,,,
17-12-2021,Friday,5,5,,,,
20-12-2021,Monday,4,4,,,,
21-12-2021,Tuesday,3,3,,,,
22-12-2021,Wednesday,2,2,,,,
23-12-2021,Thursday,1,1,,,,
24-12-2021,Friday,5,5,,,,
27-12-2021,Monday,4,4,,,,
28-12-2021,Tuesday,3,3,,,,
29-12-2021,Wednesday,2,2,,,,
30-12-2021,Thursday,1,1,,,,
31-12-2021,Friday,5,5,,,,
03-01-2022,Monday,4,4,2,,,
04-01-2022,Tuesday,3,3,1,,,
05-01-2022,Wednesday,2,2,5,,,
06-01-2022,Thursday,1,1,4,,,
07-01-2022,Friday,5,5,3,,,
10-01-2022,Monday,4,4,2,,,
11-01-2022,Tuesday,3,3,1,,,
12-01-2022,Wednesday,2,2,5,,,
13-01-2022,Thursday,1,1,4,,,
14-01-2022,Friday,5,5,3,,,
17-01-2022,Monday,4,4,2,,,
18-01-2022,Tuesday,3,3,1,,,
19-01-2022,Wednesday,2,2,5,,,
20-01-2022,Thursday,1,1,4,,,
21-01-2022,Friday,4,4,3,,,
24-01-2022,Monday,3,3,2,,,
25-01-2022,Tuesday,2,2,1,,,
27-01-2022,Thursday,1,1,4,,,
28-01-2022,Friday,5,5,3,,,
31-01-2022,Monday,4,4,2,,,
01-02-2022,Tuesday,3,3,1,,,
02-02-2022,Wednesday,2,2,5,,,
03-02-2022,Thursday,1,1,4,,,
04-02-2022,Friday,5,5,3,,,
07-02-2022,Monday,4,4,2,,,
08-02-2022,Tuesday,3,3,1,,,
09-02-2022,Wednesday,2,2,5,,,
10-02-2022,Thursday,1,1,4,,,
11-02-2022,Friday,5,5,3,,,
14-02-2022,Monday,4,4,2,,,
15-02-2022,Tuesday,3,3,1,,,
16-02-2022,Wednesday,2,2,5,,,
17-02-2022,Thursday,1,1,4,,,
18-02-2022,Friday,5,5,3,,,
21-02-2022,Monday,4,4,2,,,
22-02-2022,Tuesday,3,3,1,,,
23-02-2022,Wednesday,2,2,4,,,
24-02-2022,Thursday,1,1,3,,,
25-02-2022,Friday,4,4,2,,,
28-02-2022,Monday,3,3,1,,,
02-03-2022,Wednesday,2,2,5,,,
03-03-2022,Thursday,1,1,4,,,
04-03-2022,Friday,5,5,3,,,
07-03-2022,Monday,4,4,2,,,
08-03-2022,Tuesday,3,3,1,,,
09-03-2022,Wednesday,2,2,5,,,
10-03-2022,Thursday,1,1,4,,,
11-03-2022,Friday,5,5,3,,,
14-03-2022,Monday,4,4,2,,,
15-03-2022,Tuesday,3,3,1,,,
16-03-2022,Wednesday,2,2,4,,,
17-03-2022,Thursday,1,1,3,,,
21-03-2022,Monday,4,4,2,,,
22-03-2022,Tuesday,3,3,1,,,
23-03-2022,Wednesday,2,2,5,,,
24-03-2022,Thursday,1,1,4,,,
25-03-2022,Friday,5,5,3,,,
28-03-2022,Monday,4,4,2,,,
29-03-2022,Tuesday,3,3,1,,,
30-03-2022,Wednesday,2,2,5,,,
31-03-2022,Thursday,1,1,4,,,
01-04-2022,Friday,5,5,3,,,
04-04-2022,Monday,4,4,2,,,
05-04-2022,Tuesday,3,3,1,,,
06-04-2022,Wednesday,2,2,5,,,
07-04-2022,Thursday,1,1,4,,,
08-04-2022,Friday,4,4,3,,,
11-04-2022,Monday,3,3,2,,,
12-04-2022,Tuesday,2,2,1,,,
13-04-2022,Wednesday,1,1,3,,,
18-04-2022,Monday,4,4,2,,,
19-04-2022,Tuesday,3,3,1,,,
20-04-2022,Wednesday,2,2,5,,,
21-04-2022,Thursday,1,1,4,,,
22-04-2022,Friday,5,5,3,,,
25-04-2022,Monday,4,4,2,,,
26-04-2022,Tuesday,3,3,1,,,
27-04-2022,Wednesday,2,2,4,,,
28-04-2022,Thursday,1,1,3,,,
29-04-2022,Friday,4,4,2,,,
02-05-2022,Monday,3,3,1,,,
04-05-2022,Wednesday,2,2,5,,,
05-05-2022,Thursday,1,1,4,,,
06-05-2022,Friday,5,5,3,,,
09-05-2022,Monday,4,4,2,,,
10-05-2022,Tuesday,3,3,1,,,
11-05-2022,Wednesday,2,2,5,,,
12-05-2022,Thursday,1,1,4,,,
13-05-2022,Friday,5,5,3,,,
16-05-2022,Monday,4,4,2,,,
17-05-2022,Tuesday,3,3,1,,,
18-05-2022,Wednesday,2,2,5,,,
19-05-2022,Thursday,1,1,4,,,
20-05-2022,Friday,5,5,3,,,
23-05-2022,Monday,4,4,2,,,
24-05-2022,Tuesday,3,3,1,,,
25-05-2022,Wednesday,2,2,5,,,
26-05-2022,Thursday,1,1,4,,,
27-05-2022,Friday,5,5,3,,,
30-05-2022,Monday,4,4,2,,,
31-05-2022,Tuesday,3,3,1,,,
01-06-2022,Wednesday,2,2,5,,,
02-06-2022,Thursday,1,1,4,,,
03-06-2022,Friday,5,5,3,,,
06-06-2022,Monday,4,4,2,,,
07-06-2022,Tuesday,3,3,1,,,
08-06-2022,Wednesday,2,2,5,,,
09-06-2022,Thursday,1,1,4,,,
10-06-2022,Friday,5,5,3,,,
13-06-2022,Monday,4,4,2,,,
14-06-2022,Tuesday,3,3,1,,,
15-06-2022,Wednesday,2,2,5,,,
16-06-2022,Thursday,1,1,4,,,
17-06-2022,Friday,5,5,3,,,
20-06-2022,Monday,4,4,2,,,
21-06-2022,Tuesday,3,3,1,,,
22-06-2022,Wednesday,2,2,5,,,
23-06-2022,Thursday,1,1,4,,,
24-06-2022,Friday,5,5,3,,,
27-06-2022,Monday,4,4,2,,,
28-06-2022,Tuesday,3,3,1,,,
29-06-2022,Wednesday,2,2,5,,,
30-06-2022,Thursday,1,1,4,,,
01-07-2022,Friday,5,5,3,,,
04-07-2022,Monday,4,4,2,,,
05-07-2022,Tuesday,3,3,1,,,
06-07-2022,Wednesday,2,2,5,,,
07-07-2022,Thursday,1,1,4,,,
08-07-2022,Friday,5,5,3,,,
11-07-2022,Monday,4,4,2,,,
12-07-2022,Tuesday,3,3,1,,,
13-07-2022,Wednesday,2,2,5,,,
14-07-2022,Thursday,1,1,4,,,
15-07-2022,Friday,5,5,3,,,
18-07-2022,Monday,4,4,2,,,
19-07-2022,Tuesday,3,3,1,,,
20-07-2022,Wednesday,2,2,5,,,
21-07-2022,Thursday,1,1,4,,,
22-07-2022,Friday,5,5,3,,,
25-07-2022,Monday,4,4,2,,,
26-07-2022,Tuesday,3,3,1,,,
27-07-2022,Wednesday,2,2,5,,,
28-07-2022,Thursday,1,1,4,,,
29-07-2022,Friday,5,5,3,,,
01-08-2022,Monday,4,4,2,,,
02-08-2022,Tuesday,3,3,1,,,
03-08-2022,Wednesday,2,2,4,,,
04-08-2022,Thursday,1,1,3,,,
05-08-2022,Friday,4,4,2,,,
08-08-2022,Monday,3,3,1,,,
10-08-2022,Wednesday,2,2,4,,,
11-08-2022,Thursday,1,1,3,,,
12-08-2022,Friday,4,4,2,,,
16-08-2022,Tuesday,3,3,1,,,
17-08-2022,Wednesday,2,2,5,,,
18-08-2022,Thursday,1,1,4,,,
19-08-2022,Friday,5,5,3,,,
22-08-2022,Monday,4,4,2,,,
23-08-2022,Tuesday,3,3,1,,,
24-08-2022,Wednesday,2,2,5,,,
25-08-2022,Thursday,1,1,4,,,
26-08-2022,Friday,4,4,3,,,
29-08-2022,Monday,3,3,2,,,
30-08-2022,Tuesday,2,2,1,,,
01-09-2022,Thursday,1,1,4,,,
02-09-2022,Friday,5,5,3,,,
05-09-2022,Monday,4,4,2,,,
06-09-2022,Tuesday,3,3,1,,,
07-09-2022,Wednesday,2,2,5,,,
08-09-2022,Thursday,1,1,4,,,
09-09-2022,Friday,5,5,3,,,
12-09-2022,Monday,4,4,2,,,
13-09-2022,Tuesday,3,3,1,,,
14-09-2022,Wednesday,2,2,5,,,
15-09-2022,Thursday,1,1,4,,,
16-09-2022,Friday,5,5,3,,,
19-09-2022,Monday,4,4,2,,,
20-09-2022,Tuesday,3,3,1,,,
21-09-2022,Wednesday,2,2,5,,,
22-09-2022,Thursday,1,1,4,,,
23-09-2022,Friday,5,5,3,,,
26-09-2022,Monday,4,4,2,,,
27-09-2022,Tuesday,3,3,1,,,
28-09-2022,Wednesday,2,2,5,,,
29-09-2022,Thursday,1,1,4,,,
30-09-2022,Friday,4,4,3,,,
03-10-2022,Monday,3,3,2,,,
04-10-2022,Tuesday,2,2,1,,,
06-10-2022,Thursday,1,1,4,,,
07-10-2022,Friday,5,5,3,,,
10-10-2022,Monday,4,4,2,,,
11-10-2022,Tuesday,3,3,1,,,
12-10-2022,Wednesday,2,2,5,,,
13-10-2022,Thursday,1,1,4,,,
14-10-2022,Friday,5,5,3,,,
17-10-2022,Monday,4,4,2,,,
18-10-2022,Tuesday,3,3,1,,,
19-10-2022,Wednesday,2,2,4,,,
20-10-2022,Thursday,1,1,3,,,
21-10-2022,Friday,3,3,2,,,
25-10-2022,Tuesday,2,2,1,,,
27-10-2022,Thursday,1,1,4,,,
28-10-2022,Friday,5,5,3,,,
31-10-2022,Monday,4,4,2,,,
01-11-2022,Tuesday,3,3,1,,,
02-11-2022,Wednesday,2,2,4,,,
03-11-2022,Thursday,1,1,3,,,
04-11-2022,Friday,4,4,2,,,
07-11-2022,Monday,3,3,1,,,
09-11-2022,Wednesday,2,2,5,,,
10-11-2022,Thursday,1,1,4,,,
11-11-2022,Friday,5,5,3,,,
14-11-2022,Monday,4,4,2,,,
15-11-2022,Tuesday,3,3,1,,,
16-11-2022,Wednesday,2,2,5,,,
17-11-2022,Thursday,1,1,4,,,
18-11-2022,Friday,5,5,3,,,
21-11-2022,Monday,4,4,2,,,
22-11-2022,Tuesday,3,3,1,,,
23-11-2022,Wednesday,2,2,5,,,
24-11-2022,Thursday,1,1,4,,,
25-11-2022,Friday,5,5,3,,,
28-11-2022,Monday,4,4,2,,,
29-11-2022,Tuesday,3,3,1,,,
30-11-2022,Wednesday,2,2,5,,,
01-12-2022,Thursday,1,1,4,,,
02-12-2022,Friday,5,5,3,,,
05-12-2022,Monday,4,4,2,,,
06-12-2022,Tuesday,3,3,1,,,
07-12-2022,Wednesday,2,2,5,,,
08-12-2022,Thursday,1,1,4,,,
09-12-2022,Friday,5,5,3,,,
12-12-2022,Monday,4,4,2,,,
13-12-2022,Tuesday,3,3,1,,,
14-12-2022,Wednesday,2,2,5,,,
15-12-2022,Thursday,1,1,4,,,
16-12-2022,Friday,5,5,3,,,
19-12-2022,Monday,4,4,2,,,
20-12-2022,Tuesday,3,3,1,,,
21-12-2022,Wednesday,2,2,5,,,
22-12-2022,Thursday,1,1,4,,,
23-12-2022,Friday,5,5,3,,,
26-12-2022,Monday,4,4,2,,,
27-12-2022,Tuesday,3,3,1,,,
28-12-2022,Wednesday,2,2,5,,,
29-12-2022,Thursday,1,1,4,,,
30-12-2022,Friday,5,5,3,,,
02-01-2023,Monday,4,4,2,,,
03-01-2023,Tuesday,3,3,1,,,
04-01-2023,Wednesday,2,2,5,,,
05-01-2023,Thursday,1,1,4,,,
06-01-2023,Friday,5,5,3,,,
09-01-2023,Monday,4,4,2,,,
10-01-2023,Tuesday,3,3,1,,,
11-01-2023,Wednesday,2,2,5,,,
12-01-2023,Thursday,1,1,4,,,
13-01-2023,Friday,5,5,3,,,
16-01-2023,Monday,4,4,2,,,
17-01-2023,Tuesday,3,3,1,,,
18-01-2023,Wednesday,2,2,5,,,
19-01-2023,Thursday,1,1,4,,,
20-01-2023,Friday,4,4,3,,,
23-01-2023,Monday,3,3,2,,,
24-01-2023,Tuesday,2,2,1,,,
25-01-2023,Wednesday,1,1,4,,,
27-01-2023,Friday,5,5,3,,,
30-01-2023,Monday,4,4,2,,,
31-01-2023,Tuesday,3,3,1,,,
01-02-2023,Wednesday,2,2,5,,,
02-02-2023,Thursday,1,1,4,,,
03-02-2023,Friday,5,5,3,,,
06-02-2023,Monday,4,4,2,,,
07-02-2023,Tuesday,3,3,1,,,
08-02-2023,Wednesday,2,2,5,,,
09-02-2023,Thursday,1,1,4,,,
10-02-2023,Friday,5,5,3,,,
13-02-2023,Monday,4,4,2,,,
14-02-2023,Tuesday,3,3,1,,,
15-02-2023,Wednesday,2,2,5,,,
16-02-2023,Thursday,1,1,4,,,
17-02-2023,Friday,5,5,3,,,
20-02-2023,Monday,4,4,2,,,
21-02-2023,Tuesday,3,3,1,,,
22-02-2023,Wednesday,2,2,5,,,
23-02-2023,Thursday,1,1,4,,,
24-02-2023,Friday,5,5,3,,,
27-02-2023,Monday,4,4,2,,,
28-02-2023,Tuesday,3,3,1,,,
01-03-2023,Wednesday,2,2,4,,,
02-03-2023,Thursday,1,1,3,,,
03-03-2023,Friday,4,4,2,,,
06-03-2023,Monday,3,3,1,,,
08-03-2023,Wednesday,2,2,5,,,
09-03-2023,Thursday,1,1,4,,,
10-03-2023,Friday,5,5,3,,,
13-03-2023,Monday,4,4,2,,,
14-03-2023,Tuesday,3,3,1,,,
15-03-2023,Wednesday,2,2,5,,,
16-03-2023,Thursday,1,1,4,,,
17-03-2023,Friday,5,5,3,,,
20-03-2023,Monday,4,4,2,,,
21-03-2023,Tuesday,3,3,1,,,
22-03-2023,Wednesday,2,2,5,,,
23-03-2023,Thursday,1,1,4,,,
24-03-2023,Friday,4,4,3,,,
27-03-2023,Monday,3,3,2,,,
28-03-2023,Tuesday,2,2,1,,,
29-03-2023,Wednesday,1,1,3,,,
31-03-2023,Friday,4,4,2,,,
03-04-2023,Monday,3,3,1,,,
05-04-2023,Wednesday,2,2,4,,,
06-04-2023,Thursday,1,1,3,,,
10-04-2023,Monday,4,4,2,,,
11-04-2023,Tuesday,3,3,1,,,
12-04-2023,Wednesday,2,2,4,,,
13-04-2023,Thursday,1,1,3,,,
17-04-2023,Monday,4,4,2,,,
18-04-2023,Tuesday,3,3,1,,,
19-04-2023,Wednesday,2,2,5,,,
20-04-2023,Thursday,1,1,4,,,
21-04-2023,Friday,5,5,3,,,
24-04-2023,Monday,4,4,2,,,
25-04-2023,Tuesday,3,3,1,,,
26-04-2023,Wednesday,2,2,4,,,
27-04-2023,Thursday,1,1,3,,,
28-04-2023,Friday,4,4,2,,,
02-05-2023,Tuesday,3,3,1,,,
03-05-2023,Wednesday,2,2,5,,,
04-05-2023,Thursday,1,1,4,,,
05-05-2023,Friday,5,5,3,,,
08-05-2023,Monday,4,4,2,,,
09-05-2023,Tuesday,3,3,1,,,
10-05-2023,Wednesday,2,2,5,,,
11-05-2023,Thursday,1,1,4,,,
12-05-2023,Friday,5,5,3,,,
15-05-2023,Monday,4,4,2,,,
16-05-2023,Tuesday,3,3,1,,,
17-05-2023,Wednesday,2,2,5,,,
18-05-2023,Thursday,1,1,4,,,
19-05-2023,Friday,5,5,3,,,
22-05-2023,Monday,4,4,2,,,
23-05-2023,Tuesday,3,3,1,,,
24-05-2023,Wednesday,2,2,5,,,
25-05-2023,Thursday,1,1,4,,,
26-05-2023,Friday,5,5,3,4,,
29-05-2023,Monday,4,4,2,3,,
30-05-2023,Tuesday,3,3,1,2,,
31-05-2023,Wednesday,2,2,5,1,,
01-06-2023,Thursday,1,1,4,5,,
02-06-2023,Friday,5,5,3,4,,
05-06-2023,Monday,4,4,2,3,,
06-06-2023,Tuesday,3,3,1,2,,
07-06-2023,Wednesday,2,2,5,1,,
08-06-2023,Thursday,1,1,4,5,,
09-06-2023,Friday,5,5,3,4,,
12-06-2023,Monday,4,4,2,3,,
13-06-2023,Tuesday,3,3,1,2,,
14-06-2023,Wednesday,2,2,5,1,,
15-06-2023,Thursday,1,1,4,5,,
16-06-2023,Friday,5,5,3,4,,
19-06-2023,Monday,4,4,2,3,,
20-06-2023,Tuesday,3,3,1,2,,
21-06-2023,Wednesday,2,2,5,1,,
22-06-2023,Thursday,1,1,4,4,,
23-06-2023,Friday,4,4,3,3,,
26-06-2023,Monday,3,3,2,2,,
27-06-2023,Tuesday,2,2,1,1,,
28-06-2023,Wednesday,1,1,4,5,,
30-06-2023,Friday,5,5,3,4,,
03-07-2023,Monday,4,4,2,3,,
04-07-2023,Tuesday,3,3,1,2,,
05-07-2023,Wednesday,2,2,5,1,,
06-07-2023,Thursday,1,1,4,5,,
07-07-2023,Friday,5,5,3,4,,
10-07-2023,Monday,4,4,2,3,,
11-07-2023,Tuesday,3,3,1,2,,
12-07-2023,Wednesday,2,2,5,1,,
13-07-2023,Thursday,1,1,4,5,,
14-07-2023,Friday,5,5,3,4,,
17-07-2023,Monday,4,4,2,3,,
18-07-2023,Tuesday,3,3,1,2,,
19-07-2023,Wednesday,2,2,5,1,,
20-07-2023,Thursday,1,1,4,5,,
21-07-2023,Friday,5,5,3,4,,
24-07-2023,Monday,4,4,2,3,,
25-07-2023,Tuesday,3,3,1,2,,
26-07-2023,Wednesday,2,2,5,1,,
27-07-2023,Thursday,1,1,4,5,,
28-07-2023,Friday,5,5,3,4,,
31-07-2023,Monday,4,4,2,3,,
01-08-2023,Tuesday,3,3,1,2,,
02-08-2023,Wednesday,2,2,5,1,,
03-08-2023,Thursday,1,1,4,5,,
04-08-2023,Friday,5,5,3,4,,
07-08-2023,Monday,4,4,2,3,,
08-08-2023,Tuesday,3,3,1,2,,
09-08-2023,Wednesday,2,2,4,1,,
10-08-2023,Thursday,1,1,3,4,,
11-08-2023,Friday,4,4,2,3,,
14-08-2023,Monday,3,3,1,2,,
16-08-2023,Wednesday,2,2,5,1,,
17-08-2023,Thursday,1,1,4,3,,
18-08-2023,Friday,5,5,3,2,,
21-08-2023,Monday,4,4,2,1,,
22-08-2023,Tuesday,3,3,1,5,,
23-08-2023,Wednesday,2,2,5,4,,
24-08-2023,Thursday,1,1,4,3,,
25-08-2023,Friday,5,5,3,2,,
28-08-2023,Monday,4,4,2,1,,
29-08-2023,Tuesday,3,3,1,5,,
30-08-2023,Wednesday,2,2,5,4,,
31-08-2023,Thursday,1,1,4,3,,
01-09-2023,Friday,4,5,3,2,,
04-09-2023,Monday,3,4,2,1,,
05-09-2023,Tuesday,2,3,1,5,,
06-09-2023,Wednesday,1,2,5,4,,
07-09-2023,Thursday,5,1,4,3,,
08-09-2023,Friday,4,5,3,2,,
11-09-2023,Monday,3,4,2,1,,
12-09-2023,Tuesday,2,3,1,5,,
13-09-2023,Wednesday,1,2,4,4,,
14-09-2023,Thursday,4,1,3,3,,
15-09-2023,Friday,3,4,2,2,,
18-09-2023,Monday,2,3,1,1,,
20-09-2023,Wednesday,1,2,5,4,,
21-09-2023,Thursday,6,1,4,3,,
22-09-2023,Friday,5,5,3,2,,
25-09-2023,Monday,4,4,2,1,,
26-09-2023,Tuesday,3,3,1,4,,
27-09-2023,Wednesday,2,2,4,3,,
28-09-2023,Thursday,1,1,3,2,,
29-09-2023,Friday,3,4,2,1,,
03-10-2023,Tuesday,2,3,1,5,,
04-10-2023,Wednesday,1,2,5,4,,
05-10-2023,Thursday,5,1,4,3,,
06-10-2023,Friday,4,5,3,2,,
09-10-2023,Monday,3,4,2,1,,
10-10-2023,Tuesday,2,3,1,5,,
11-10-2023,Wednesday,1,2,5,4,,
12-10-2023,Thursday,5,1,4,3,,
13-10-2023,Friday,4,5,3,2,,
16-10-2023,Monday,3,4,2,1,,
17-10-2023,Tuesday,2,3,1,5,,
18-10-2023,Wednesday,1,2,4,4,,
19-10-2023,Thursday,5,1,3,3,,
20-10-2023,Friday,4,4,2,2,,
23-10-2023,Monday,3,3,1,1,,
25-10-2023,Wednesday,2,2,5,4,,
26-10-2023,Thursday,1,1,4,3,,
27-10-2023,Friday,4,5,3,2,,
30-10-2023,Monday,3,4,2,1,,
31-10-2023,Tuesday,2,3,1,5,,
01-11-2023,Wednesday,1,2,5,4,,
02-11-2023,Thursday,5,1,4,3,,
03-11-2023,Friday,4,5,3,2,,
06-11-2023,Monday,3,4,2,1,,
07-11-2023,Tuesday,2,3,1,5,,
08-11-2023,Wednesday,1,2,4,4,,
09-11-2023,Thursday,4,1,3,3,,
10-11-2023,Friday,3,4,2,2,,
13-11-2023,Monday,2,3,1,1,,
15-11-2023,Wednesday,1,2,5,4,,
16-11-2023,Thursday,5,1,4,3,,
17-11-2023,Friday,4,5,3,2,,
20-11-2023,Monday,3,4,2,1,,
21-11-2023,Tuesday,2,3,1,4,,
22-11-2023,Wednesday,1,2,4,3,,
23-11-2023,Thursday,5,1,3,2,,
24-11-2023,Friday,4,4,2,1,,
28-11-2023,Tuesday,3,3,1,5,,
29-11-2023,Wednesday,2,2,5,4,,
30-11-2023,Thursday,1,1,4,3,,
01-12-2023,Friday,4,5,3,2,,
04-12-2023,Monday,3,4,2,1,,
05-12-2023,Tuesday,2,3,1,5,,
06-12-2023,Wednesday,1,2,5,4,,
07-12-2023,Thursday,5,1,4,3,,
08-12-2023,Friday,4,5,3,2,,
11-12-2023,Monday,3,4,2,1,,
12-12-2023,Tuesday,2,3,1,5,,
13-12-2023,Wednesday,1,2,5,4,,
14-12-2023,Thursday,5,1,4,3,,
15-12-2023,Friday,4,5,3,2,,
18-12-2023,Monday,3,4,2,1,,
19-12-2023,Tuesday,2,3,1,4,,
20-12-2023,Wednesday,1,2,4,3,,
21-12-2023,Thursday,5,1,3,2,,
22-12-2023,Friday,4,4,2,1,,
26-12-2023,Tuesday,3,3,1,5,,
27-12-2023,Wednesday,2,2,5,4,,
28-12-2023,Thursday,1,1,4,3,,
29-12-2023,Friday,4,5,3,2,,
01-01-2024,Monday,3,4,2,1,5,1
02-01-2024,Tuesday,2,3,1,5,4,5
03-01-2024,Wednesday,1,2,5,4,3,4
04-01-2024,Thursday,5,1,4,3,2,3
05-01-2024,Friday,4,5,3,2,1,2
08-01-2024,Monday,3,4,2,1,5,1
09-01-2024,Tuesday,2,3,1,5,4,5
10-01-2024,Wednesday,1,2,5,4,3,4
11-01-2024,Thursday,5,1,4,3,2,3
12-01-2024,Friday,4,5,3,2,1,2
15-01-2024,Monday,3,4,2,1,5,1
16-01-2024,Tuesday,2,3,1,5,4,5
17-01-2024,Wednesday,1,2,5,4,3,4
18-01-2024,Thursday,6,1,4,3,2,3
19-01-2024,Friday,5,5,3,2,1,2
20-01-2024,Saturday,4,4,2,1,4,1
23-01-2024,Tuesday,3,3,1,4,3,4
24-01-2024,Wednesday,2,2,4,3,2,3
25-01-2024,Thursday,1,1,3,2,1,2
29-01-2024,Monday,3,4,2,1,5,1
30-01-2024,Tuesday,2,3,1,5,4,5
31-01-2024,Wednesday,1,2,5,4,3,4
01-02-2024,Thursday,5,1,4,3,2,3
02-02-2024,Friday,4,5,3,2,1,2
05-02-2024,Monday,3,4,2,1,5,1
06-02-2024,Tuesday,2,3,1,5,4,5
07-02-2024,Wednesday,1,2,5,4,3,4
08-02-2024,Thursday,5,1,4,3,2,3
09-02-2024,Friday,4,5,3,2,1,2
12-02-2024,Monday,3,4,2,1,5,1
13-02-2024,Tuesday,2,3,1,5,4,5
14-02-2024,Wednesday,1,2,5,4,3,4
15-02-2024,Thursday,5,1,4,3,2,3
16-02-2024,Friday,4,5,3,2,1,2
19-02-2024,Monday,3,4,2,1,5,1
20-02-2024,Tuesday,2,3,1,5,4,5
21-02-2024,Wednesday,1,2,5,4,3,4
22-02-2024,Thursday,6,1,4,3,2,3
23-02-2024,Friday,5,5,3,2,1,2
26-02-2024,Monday,4,4,2,1,5,1
27-02-2024,Tuesday,3,3,1,5,4,5
28-02-2024,Wednesday,2,2,5,4,3,4
29-02-2024,Thursday,1,1,4,3,2,3
01-03-2024,Friday,4,5,3,2,1,2
04-03-2024,Monday,3,4,2,1,4,1
05-03-2024,Tuesday,2,3,1,4,3,4
06-03-2024,Wednesday,1,2,4,3,2,3
07-03-2024,Thursday,4,1,3,2,1,2
11-03-2024,Monday,3,4,2,1,5,1
12-03-2024,Tuesday,2,3,1,5,4,5
13-03-2024,Wednesday,1,2,5,4,3,4
14-03-2024,Thursday,5,1,4,3,2,3
15-03-2024,Friday,4,5,3,2,1,2
18-03-2024,Monday,3,4,2,1,5,1
19-03-2024,Tuesday,2,3,1,4,4,4
20-03-2024,Wednesday,1,2,4,3,3,3
21-03-2024,Thursday,4,1,3,2,2,2
22-03-2024,Friday,3,4,2,1,1,1
26-03-2024,Tuesday,2,3,1,4,3,4
27-03-2024,Wednesday,1,2,4,3,2,3
28-03-2024,Thursday,4,1,3,2,1,2
01-04-2024,Monday,3,4,2,1,5,1
02-04-2024,Tuesday,2,3,1,5,4,5
03-04-2024,Wednesday,1,2,5,4,3,4
04-04-2024,Thursday,5,1,4,3,2,3
05-04-2024,Friday,4,4,3,2,1,2
08-04-2024,Monday,3,3,2,1,4,1
09-04-2024,Tuesday,2,2,1,4,3,4
10-04-2024,Wednesday,1,1,4,3,2,3
12-04-2024,Friday,3,4,3,2,1,2
15-04-2024,Monday,2,3,2,1,4,1
16-04-2024,Tuesday,1,2,1,4,3,4
18-04-2024,Thursday,5,1,4,3,2,3
19-04-2024,Friday,4,5,3,2,1,2
22-04-2024,Monday,3,4,2,1,5,1
23-04-2024,Tuesday,2,3,1,5,4,5
24-04-2024,Wednesday,1,2,5,4,3,4
25-04-2024,Thursday,4,1,4,3,2,3
26-04-2024,Friday,3,4,3,2,1,2
29-04-2024,Monday,2,3,2,1,4,1
30-04-2024,Tuesday,1,2,1,4,3,4
02-05-2024,Thursday,5,1,4,3,2,3
03-05-2024,Friday,4,5,3,2,1,2
06-05-2024,Monday,3,4,2,1,5,1
07-05-2024,Tuesday,2,3,1,5,4,5
08-05-2024,Wednesday,1,2,5,4,3,4
09-05-2024,Thursday,5,1,4,3,2,3
10-05-2024,Friday,4,5,3,2,1,2
13-05-2024,Monday,3,4,2,1,5,1
14-05-2024,Tuesday,2,3,1,4,4,4
15-05-2024,Wednesday,1,2,4,3,3,3
16-05-2024,Thursday,4,1,3,2,2,2
17-05-2024,Friday,3,4,2,1,1,1
21-05-2024,Tuesday,2,3,1,5,4,5
22-05-2024,Wednesday,1,2,5,4,3,4
23-05-2024,Thursday,5,1,4,3,2,3
24-05-2024,Friday,4,5,3,2,1,2
27-05-2024,Monday,3,4,2,1,5,1
28-05-2024,Tuesday,2,3,1,5,4,5
29-05-2024,Wednesday,1,2,5,4,3,4
30-05-2024,Thursday,5,1,4,3,2,3
31-05-2024,Friday,4,5,3,2,1,2
03-06-2024,Monday,3,4,2,1,5,1
04-06-2024,Tuesday,2,3,1,5,4,5
05-06-2024,Wednesday,1,2,5,4,3,4
06-06-2024,Thursday,5,1,4,3,2,3
07-06-2024,Friday,4,5,3,2,1,2
10-06-2024,Monday,3,4,2,1,5,1
11-06-2024,Tuesday,2,3,1,4,4,4
12-06-2024,Wednesday,1,2,4,3,3,3
13-06-2024,Thursday,4,1,3,2,2,2
14-06-2024,Friday,3,4,2,1,1,1
18-06-2024,Tuesday,2,3,1,5,4,5
19-06-2024,Wednesday,1,2,5,4,3,4
20-06-2024,Thursday,5,1,4,3,2,3
21-06-2024,Friday,4,5,3,2,1,2
24-06-2024,Monday,3,4,2,1,5,1
25-06-2024,Tuesday,2,3,1,5,4,5
26-06-2024,Wednesday,1,2,5,4,3,4
27-06-2024,Thursday,5,1,4,3,2,3
28-06-2024,Friday,4,5,3,2,1,2
01-07-2024,Monday,3,4,2,1,5,1
02-07-2024,Tuesday,2,3,1,5,4,5
03-07-2024,Wednesday,1,2,5,4,3,4
04-07-2024,Thursday,5,1,4,3,2,3
05-07-2024,Friday,4,5,3,2,1,2
08-07-2024,Monday,3,4,2,1,5,1
09-07-2024,Tuesday,2,3,1,5,4,5
10-07-2024,Wednesday,1,2,5,4,3,4
11-07-2024,Thursday,4,1,4,3,2,3
12-07-2024,Friday,3,4,3,2,1,2
15-07-2024,Monday,2,3,2,1,4,1
16-07-2024,Tuesday,1,2,1,4,3,4
18-07-2024,Thursday,5,1,4,3,2,3
19-07-2024,Friday,4,5,3,2,1,2
22-07-2024,Monday,3,4,2,1,5,1
23-07-2024,Tuesday,2,3,1,5,4,5
24-07-2024,Wednesday,1,2,5,4,3,4
25-07-2024,Thursday,5,1,4,3,2,3
26-07-2024,Friday,4,5,3,2,1,2
29-07-2024,Monday,3,4,2,1,5,1
30-07-2024,Tuesday,2,3,1,5,4,5
31-07-2024,Wednesday,1,2,5,4,3,4
01-08-2024,Thursday,5,1,4,3,2,3
02-08-2024,Friday,4,5,3,2,1,2
05-08-2024,Monday,3,4,2,1,5,1
06-08-2024,Tuesday,2,3,1,5,4,5
07-08-2024,Wednesday,1,2,5,4,3,4
08-08-2024,Thursday,5,1,4,3,2,3
09-08-2024,Friday,4,4,3,2,1,2
12-08-2024,Monday,3,3,2,1,4,1
13-08-2024,Tuesday,2,2,1,4,3,4
14-08-2024,Wednesday,1,1,4,3,2,3
16-08-2024,Friday,4,5,3,2,1,2
19-08-2024,Monday,3,4,2,1,5,1
20-08-2024,Tuesday,2,3,1,5,4,5
21-08-2024,Wednesday,1,2,5,4,3,4
22-08-2024,Thursday,5,1,4,3,2,3
23-08-2024,Friday,4,5,3,2,1,2
26-08-2024,Monday,3,4,2,1,5,1
27-08-2024,Tuesday,2,3,1,5,4,5
28-08-2024,Wednesday,1,2,5,4,3,4
29-08-2024,Thursday,5,1,4,3,2,3
30-08-2024,Friday,4,5,3,2,1,2
02-09-2024,Monday,3,4,2,1,5,1
03-09-2024,Tuesday,2,3,1,5,4,5
04-09-2024,Wednesday,1,2,5,4,3,4
05-09-2024,Thursday,5,1,4,3,2,3
06-09-2024,Friday,4,5,3,2,1,2
09-09-2024,Monday,3,4,2,1,5,1
10-09-2024,Tuesday,2,3,1,5,4,5
11-09-2024,Wednesday,1,2,5,4,3,4
12-09-2024,Thursday,5,1,4,3,2,3
13-09-2024,Friday,4,5,3,2,1,2
16-09-2024,Monday,3,4,2,1,5,1
17-09-2024,Tuesday,2,3,1,5,4,5
18-09-2024,Wednesday,1,2,5,4,3,4
19-09-2024,Thursday,5,1,4,3,2,3
20-09-2024,Friday,4,5,3,2,1,2
23-09-2024,Monday,3,4,2,1,5,1
24-09-2024,Tuesday,2,3,1,5,4,5
25-09-2024,Wednesday,1,2,5,4,3,4
26-09-2024,Thursday,4,1,4,3,2,3
27-09-2024,Friday,3,4,3,2,1,2
30-09-2024,Monday,2,3,2,1,4,1
01-10-2024,Tuesday,1,2,1,4,3,4
03-10-2024,Thursday,5,1,4,3,2,3
04-10-2024,Friday,4,5,3,2,1,2
07-10-2024,Monday,3,4,2,1,5,1
08-10-2024,Tuesday,2,3,1,5,4,5
09-10-2024,Wednesday,1,2,5,4,3,4
10-10-2024,Thursday,5,1,4,3,2,3
11-10-2024,Friday,4,5,3,2,1,2
14-10-2024,Monday,3,4,2,1,5,1
15-10-2024,Tuesday,2,3,1,5,4,5
16-10-2024,Wednesday,1,2,5,4,3,4
17-10-2024,Thursday,5,1,4,3,2,3
18-10-2024,Friday,4,5,3,2,1,2
21-10-2024,Monday,3,4,2,1,5,1
22-10-2024,Tuesday,2,3,1,5,4,5
23-10-2024,Wednesday,1,2,5,4,3,4
24-10-2024,Thursday,5,1,4,3,2,3
25-10-2024,Friday,4,5,3,2,1,2
28-10-2024,Monday,3,4,2,1,4,1
29-10-2024,Tuesday,2,3,1,4,3,4
30-10-2024,Wednesday,1,2,4,3,2,3
31-10-2024,Thursday,4,1,3,2,1,2
04-11-2024,Monday,3,4,2,1,5,1
05-11-2024,Tuesday,2,3,1,5,4,5
06-11-2024,Wednesday,1,2,5,4,3,4
07-11-2024,Thursday,5,1,4,3,2,3
08-11-2024,Friday,4,5,3,2,1,2
11-11-2024,Monday,3,4,2,1,4,1
12-11-2024,Tuesday,2,3,1,4,3,4
13-11-2024,Wednesday,1,2,4,3,2,3
14-11-2024,Thursday,8,1,3,2,1,2
18-11-2024,Monday,7,3,2,1,4,1
19-11-2024,Tuesday,6,2,1,4,3,4
21-11-2024,Thursday,5,1,4,3,2,3
22-11-2024,Friday,4,5,3,2,1,2
25-11-2024,Monday,3,4,2,1,5,1
26-11-2024,Tuesday,2,3,1,24,4,24
27-11-2024,Wednesday,1,2,24,23,3,23
28-11-2024,Thursday,19,1,23,22,2,22
29-11-2024,Friday,18,5,22,21,1,21
02-12-2024,Monday,17,4,21,20,5,20
03-12-2024,Tuesday,16,3,20,19,4,19
04-12-2024,Wednesday,15,2,19,18,3,18
05-12-2024,Thursday,14,1,18,17,2,17
06-12-2024,Friday,13,5,17,16,1,16
09-12-2024,Monday,12,4,16,15,5,15
10-12-2024,Tuesday,11,3,15,14,4,14
11-12-2024,Wednesday,10,2,14,13,3,13
12-12-2024,Thursday,9,1,13,12,2,12
13-12-2024,Friday,8,5,12,11,1,11
16-12-2024,Monday,7,4,11,10,5,10
17-12-2024,Tuesday,6,3,10,9,4,9
18-12-2024,Wednesday,5,2,9,8,3,8
19-12-2024,Thursday,4,1,8,7,2,7
20-12-2024,Friday,3,4,7,6,1,6
23-12-2024,Monday,2,3,6,5,4,5
24-12-2024,Tuesday,1,2,5,4,3,4
26-12-2024,Thursday,26,1,4,3,2,3
27-12-2024,Friday,25,5,3,2,1,2
30-12-2024,Monday,24,4,2,1,5,1
31-12-2024,Tuesday,23,3,1,23,4,21
01-01-2025,Wednesday,22,2,22,22,3,20
02-01-2025,Thursday,21,1,21,21,2,19
03-01-2025,Friday,20,5,20,20,1,18
06-01-2025,Monday,19,4,19,19,2,17
07-01-2025,Tuesday,18,3,18,18,1,16
08-01-2025,Wednesday,17,2,17,17,5,15
09-01-2025,Thursday,16,1,16,16,4,14
10-01-2025,Friday,15,5,15,15,3,13
13-01-2025,Monday,14,4,14,14,2,12
14-01-2025,Tuesday,13,3,13,13,1,11
15-01-2025,Wednesday,12,2,12,12,5,10
16-01-2025,Thursday,11,1,11,11,4,9
17-01-2025,Friday,10,5,10,10,3,8
20-01-2025,Monday,9,4,9,9,2,7
21-01-2025,Tuesday,8,3,8,8,1,6
22-01-2025,Wednesday,7,2,7,7,5,5
23-01-2025,Thursday,6,1,6,6,4,4
24-01-2025,Friday,5,5,5,5,3,3
27-01-2025,Monday,4,4,4,4,2,2
28-01-2025,Tuesday,3,3,3,3,1,1
29-01-2025,Wednesday,2,2,2,2,6,21
30-01-2025,Thursday,1,1,1,1,5,20
31-01-2025,Friday,20,6,20,20,4,19
01-02-2025,Saturday,19,5,19,19,3,18
03-02-2025,Monday,18,4,18,18,2,17
04-02-2025,Tuesday,17,3,17,17,1,16
05-02-2025,Wednesday,16,2,16,16,5,15
06-02-2025,Thursday,15,1,15,15,4,14
07-02-2025,Friday,14,5,14,14,3,13
10-02-2025,Monday,13,4,13,13,2,12
11-02-2025,Tuesday,12,3,12,12,1,11
12-02-2025,Wednesday,11,2,11,11,5,10
13-02-2025,Thursday,10,1,10,10,4,9
14-02-2025,Friday,9,5,9,9,3,8
17-02-2025,Monday,8,4,8,8,2,7
18-02-2025,Tuesday,7,3,7,7,1,6
19-02-2025,Wednesday,6,2,6,6,5,5
20-02-2025,Thursday,5,1,5,5,4,4
21-02-2025,Friday,4,4,4,4,3,3
24-02-2025,Monday,3,3,3,3,2,2
25-02-2025,Tuesday,2,2,2,2,1,1
27-02-2025,Thursday,1,1,1,1,4,18
28-02-2025,Friday,19,5,19,19,3,17
03-03-2025,Monday,18,4,18,18,2,16
04-03-2025,Tuesday,17,3,17,17,1,15
05-03-2025,Wednesday,16,2,16,16,5,14
06-03-2025,Thursday,15,1,15,15,4,13
07-03-2025,Friday,14,5,14,14,3,12
10-03-2025,Monday,13,4,13,13,2,11
11-03-2025,Tuesday,12,3,12,12,1,10
12-03-2025,Wednesday,11,2,11,11,4,9
13-03-2025,Thursday,10,1,10,10,3,8
17-03-2025,Monday,9,4,9,9,2,7
18-03-2025,Tuesday,8,3,8,8,1,6
19-03-2025,Wednesday,7,2,7,7,5,5
20-03-2025,Thursday,6,1,6,6,4,4
21-03-2025,Friday,5,5,5,5,3,3
24-03-2025,Monday,4,4,4,4,2,2
25-03-2025,Tuesday,3,3,3,3,1,1
26-03-2025,Wednesday,2,2,2,2,4,21
27-03-2025,Thursday,1,1,1,1,3,20
28-03-2025,Friday,16,4,16,16,2,19
01-04-2025,Tuesday,15,3,15,15,1,18
02-04-2025,Wednesday,14,2,14,14,5,17
03-04-2025,Thursday,13,1,13,13,4,16
04-04-2025,Friday,12,4,12,12,3,15
07-04-2025,Monday,11,3,11,11,2,14
08-04-2025,Tuesday,10,2,10,10,1,13
09-04-2025,Wednesday,9,1,9,9,3,12
11-04-2025,Friday,8,4,8,8,2,11
15-04-2025,Tuesday,7,3,7,7,1,10
16-04-2025,Wednesday,6,2,6,6,4,9
17-04-2025,Thursday,5,1,5,5,3,8
21-04-2025,Monday,4,4,4,4,2,7
22-04-2025,Tuesday,3,3,3,3,1,6
23-04-2025,Wednesday,2,2,2,2,5,5
24-04-2025,Thursday,1,1,1,1,4,4
25-04-2025,Friday,24,4,24,24,3,3
28-04-2025,Monday,23,3,23,23,2,2
29-04-2025,Tuesday,22,2,22,22,1,1
30-04-2025,Wednesday,21,1,21,21,4,19
02-05-2025,Friday,20,5,20,20,3,18
05-05-2025,Monday,19,4,19,19,2,17
06-05-2025,Tuesday,18,3,18,18,1,16
07-05-2025,Wednesday,17,2,17,17,5,15
08-05-2025,Thursday,16,1,16,16,4,14
09-05-2025,Friday,15,5,15,15,3,13
12-05-2025,Monday,14,4,14,14,2,12
13-05-2025,Tuesday,13,3,13,13,1,11
14-05-2025,Wednesday,12,2,12,12,5,10
15-05-2025,Thursday,11,1,11,11,4,9
16-05-2025,Friday,10,5,10,10,3,8
19-05-2025,Monday,9,4,9,9,2,7
20-05-2025,Tuesday,8,3,8,8,1,6
21-05-2025,Wednesday,7,2,7,7,5,5
22-05-2025,Thursday,6,1,6,6,4,4
23-05-2025,Friday,5,5,5,5,3,3
26-05-2025,Monday,4,4,4,4,2,2
27-05-2025,Tuesday,3,3,3,3,1,1
28-05-2025,Wednesday,2,2,2,2,5,20
29-05-2025,Thursday,1,1,1,1,4,19
30-05-2025,Friday,20,5,20,20,3,18
02-06-2025,Monday,19,4,19,19,2,17
03-06-2025,Tuesday,18,3,18,18,1,16
04-06-2025,Wednesday,17,2,17,17,5,15
05-06-2025,Thursday,16,1,16,16,4,14
06-06-2025,Friday,15,5,15,15,3,13
09-06-2025,Monday,14,4,14,14,2,12
10-06-2025,Tuesday,13,3,13,13,1,11
11-06-2025,Wednesday,12,2,12,12,5,10
12-06-2025,Thursday,11,1,11,11,4,9
13-06-2025,Friday,10,5,10,10,3,8
16-06-2025,Monday,9,4,9,9,2,7
17-06-2025,Tuesday,8,3,8,8,1,6
18-06-2025,Wednesday,7,2,7,7,5,5
19-06-2025,Thursday,6,1,6,6,4,4
20-06-2025,Friday,5,5,5,5,3,3
23-06-2025,Monday,4,4,4,4,2,2
24-06-2025,Tuesday,3,3,3,3,1,1
25-06-2025,Wednesday,2,2,2,2,5,25
26-06-2025,Thursday,1,1,1,1,4,24
27-06-2025,Friday,25,5,25,25,3,23
30-06-2025,Monday,24,4,24,24,2,22
01-07-2025,Tuesday,23,3,23,23,1,21
02-07-2025,Wednesday,22,2,22,22,5,20
03-07-2025,Thursday,21,1,21,21,4,19
04-07-2025,Friday,20,5,20,20,3,18
07-07-2025,Monday,19,4,19,19,2,17
08-07-2025,Tuesday,18,3,18,18,1,16
09-07-2025,Wednesday,17,2,17,17,5,15
10-07-2025,Thursday,16,1,16,16,4,14
11-07-2025,Friday,15,5,15,15,3,13
14-07-2025,Monday,14,4,14,14,2,12
15-07-2025,Tuesday,13,3,13,13,1,11
16-07-2025,Wednesday,12,2,12,12,5,10
17-07-2025,Thursday,11,1,11,11,4,9
18-07-2025,Friday,10,5,10,10,3,8
21-07-2025,Monday,9,4,9,9,2,7
22-07-2025,Tuesday,8,3,8,8,1,6
23-07-2025,Wednesday,7,2,7,7,5,5
24-07-2025,Thursday,6,1,6,6,4,4
25-07-2025,Friday,5,5,5,5,3,3
28-07-2025,Monday,4,4,4,4,2,2
29-07-2025,Tuesday,3,3,3,3,1,1
30-07-2025,Wednesday,2,2,2,2,5,19
31-07-2025,Thursday,1,1,1,1,4,18
01-08-2025,Friday,18,5,18,18,3,17
04-08-2025,Monday,17,4,17,17,2,16
05-08-2025,Tuesday,16,3,16,16,1,15
06-08-2025,Wednesday,15,2,15,15,5,14
07-08-2025,Thursday,14,1,14,14,4,13
08-08-2025,Friday,13,5,13,13,3,12
11-08-2025,Monday,12,4,12,12,2,11
12-08-2025,Tuesday,11,3,11,11,1,10
13-08-2025,Wednesday,10,2,10,10,4,9
14-08-2025,Thursday,9,1,9,9,3,8
18-08-2025,Monday,8,4,8,8,2,7
19-08-2025,Tuesday,7,3,7,7,1,6
20-08-2025,Wednesday,6,2,6,6,5,5
21-08-2025,Thursday,5,1,5,5,4,4
22-08-2025,Friday,4,4,4,4,3,3
25-08-2025,Monday,3,3,3,3,2,2
26-08-2025,Tuesday,2,2,2,2,1,1
28-08-2025,Thursday,1,1,1,1,4,24
29-08-2025,Friday,20,5,20,20,3,23
01-09-2025,Monday,19,4,19,19,2,22
02-09-2025,Tuesday,18,3,18,18,1,21
03-09-2025,Wednesday,17,2,17,17,5,20
04-09-2025,Thursday,16,1,16,16,4,19
05-09-2025,Friday,15,5,15,15,3,18
08-09-2025,Monday,14,4,14,14,2,17
09-09-2025,Tuesday,13,3,13,13,1,16
10-09-2025,Wednesday,12,2,12,12,5,15
11-09-2025,Thursday,11,1,11,11,4,14
12-09-2025,Friday,10,5,10,10,3,13
15-09-2025,Monday,9,4,9,9,2,12
16-09-2025,Tuesday,8,3,8,8,1,11
17-09-2025,Wednesday,7,2,7,7,5,10
18-09-2025,Thursday,6,1,6,6,4,9
19-09-2025,Friday,5,5,5,5,3,8
22-09-2025,Monday,4,4,4,4,2,7
23-09-2025,Tuesday,3,3,3,3,1,6
24-09-2025,Wednesday,2,2,2,2,5,5
25-09-2025,Thursday,1,1,1,1,4,4
26-09-2025,Friday,22,4,22,22,3,3
29-09-2025,Monday,21,3,21,21,2,2
30-09-2025,Tuesday,20,2,20,20,1,1
01-10-2025,Wednesday,19,1,19,19,4,17
03-10-2025,Friday,18,5,18,18,3,16
06-10-2025,Monday,17,4,17,17,2,15
07-10-2025,Tuesday,16,3,16,16,1,14
08-10-2025,Wednesday,15,2,15,15,5,13
09-10-2025,Thursday,14,1,14,14,4,12
10-10-2025,Friday,13,5,13,13,3,11
13-10-2025,Monday,12,4,12,12,2,10
14-10-2025,Tuesday,11,3,11,11,1,9
15-10-2025,Wednesday,10,2,10,10,4,8
16-10-2025,Thursday,9,1,9,9,3,7
17-10-2025,Friday,8,3,8,8,2,6
20-10-2025,Monday,7,2,7,7,1,5
23-10-2025,Thursday,6,1,6,6,4,4
24-10-2025,Friday,5,5,5,5,3,3
27-10-2025,Monday,4,4,4,4,2,2
28-10-2025,Tuesday,3,3,3,3,1,1
29-10-2025,Wednesday,2,2,2,2,5,19
30-10-2025,Thursday,1,1,1,1,4,18
31-10-2025,Friday,19,4,19,19,3,17
03-11-2025,Monday,18,3,18,18,2,16
04-11-2025,Tuesday,17,2,17,17,1,15
06-11-2025,Thursday,16,1,16,16,4,14
07-11-2025,Friday,15,5,15,15,3,13
10-11-2025,Monday,14,4,14,14,2,12
11-11-2025,Tuesday,13,3,13,13,1,11
12-11-2025,Wednesday,12,2,12,12,5,10
13-11-2025,Thursday,11,1,11,11,4,9
14-11-2025,Friday,10,5,10,10,3,8
17-11-2025,Monday,9,4,9,9,2,7
18-11-2025,Tuesday,8,3,8,8,1,6
19-11-2025,Wednesday,7,2,7,7,5,5
20-11-2025,Thursday,6,1,6,6,4,4
21-11-2025,Friday,5,5,5,5,3,3
24-11-2025,Monday,4,4,4,4,2,2
25-11-2025,Tuesday,3,3,3,3,1,1
26-11-2025,Wednesday,2,2,2,2,5,24
27-11-2025,Thursday,1,1,1,1,4,23
28-11-2025,Friday,19,5,19,19,3,22
01-12-2025,Monday,18,4,18,18,2,21
02-12-2025,Tuesday,17,3,17,17,1,20
03-12-2025,Wednesday,16,2,16,16,5,19
04-12-2025,Thursday,15,1,15,15,4,18
05-12-2025,Friday,14,5,14,14,3,17
08-12-2025,Monday,13,4,13,13,2,16
09-12-2025,Tuesday,12,3,12,12,1,15
10-12-2025,Wednesday,11,2,11,11,5,14
11-12-2025,Thursday,10,1,10,10,4,13
12-12-2025,Friday,9,5,9,9,3,12
15-12-2025,Monday,8,4,8,8,2,11
16-12-2025,Tuesday,7,3,7,7,1,10
17-12-2025,Wednesday,6,2,6,6,5,9
18-12-2025,Thursday,5,1,5,5,4,8
19-12-2025,Friday,4,4,4,4,3,7
22-12-2025,Monday,3,3,3,3,2,6
23-12-2025,Tuesday,2,2,2,2,1,5
24-12-2025,Wednesday,1,1,1,1,4,4
26-12-2025,Friday,33,5,33,33,3,3
29-12-2025,Monday,32,4,32,32,2,2
30-12-2025,Tuesday,31,3,31,31,1,1
31-12-2025,Wednesday,30,2,30,30,5,28
